categoria_torneo,contexto,cuota_justa_jugador_1,cuota_justa_jugador_2,diferencia_ano_actual_log_partidos_previos,diferencia_ano_actual_partidos_previos,diferencia_ano_actual_porcentaje_victorias_previas,diferencia_ano_actual_superficie_log_partidos_previos,diferencia_ano_actual_superficie_partidos_previos,diferencia_ano_actual_superficie_porcentaje_victorias_previas,diferencia_categoria_torneo_log_partidos_previos,diferencia_categoria_torneo_margen_promedio_games,diferencia_categoria_torneo_margen_promedio_sets,diferencia_categoria_torneo_partidos_previos,diferencia_categoria_torneo_porcentaje_victorias_previas,diferencia_categoria_torneo_porcentaje_victorias_ultimos_10,diferencia_dias_descanso,diferencia_dias_desde_ultima_lesion,diferencia_dias_lesionado_ano_actual,diferencia_games_ultimos_7_dias,diferencia_h2h_previo,diferencia_jugo_mismo_torneo_ano_anterior,diferencia_lesion_abierta,diferencia_lesiones_ano_actual,diferencia_log_partidos_previos,diferencia_margen_games_ultimos_10,diferencia_margen_promedio_games,diferencia_margen_promedio_sets,diferencia_partidos_previos,diferencia_porcentaje_derrotas_sets_corridos,diferencia_porcentaje_tiebreaks_ganados,diferencia_porcentaje_victorias_ponderado_nivel,diferencia_porcentaje_victorias_previas,diferencia_porcentaje_victorias_sets_corridos,diferencia_porcentaje_victorias_ultimos_10,diferencia_puntos_race,diferencia_puntos_ranking,diferencia_ranking,diferencia_ranking_log,diferencia_ranking_race,diferencia_ronda_mismo_torneo_ano_anterior,diferencia_sembrado,diferencia_superficie_log_partidos_previos,diferencia_superficie_partidos_previos,diferencia_superficie_porcentaje_victorias_previas,diferencia_tiebreaks_previos,diferencia_tiene_ranking,diferencia_tiene_sembrado,ev_jugador_1,ev_jugador_2,fecha,games_jugador_1,games_jugador_2,jugador_1,jugador_1_ano_actual_log_partidos_previos,jugador_1_ano_actual_margen_games_ultimos_10,jugador_1_ano_actual_margen_promedio_games,jugador_1_ano_actual_margen_promedio_sets,jugador_1_ano_actual_partidos_previos,jugador_1_ano_actual_porcentaje_derrotas_sets_corridos,jugador_1_ano_actual_porcentaje_tiebreaks_ganados,jugador_1_ano_actual_porcentaje_victorias_ponderado_nivel,jugador_1_ano_actual_porcentaje_victorias_previas,jugador_1_ano_actual_porcentaje_victorias_sets_corridos,jugador_1_ano_actual_porcentaje_victorias_ultimos_10,jugador_1_ano_actual_porcentaje_victorias_ultimos_5,jugador_1_ano_actual_superficie_log_partidos_previos,jugador_1_ano_actual_superficie_margen_games_ultimos_10,jugador_1_ano_actual_superficie_margen_promedio_games,jugador_1_ano_actual_superficie_margen_promedio_sets,jugador_1_ano_actual_superficie_partidos_previos,jugador_1_ano_actual_superficie_porcentaje_derrotas_sets_corridos,jugador_1_ano_actual_superficie_porcentaje_tiebreaks_ganados,jugador_1_ano_actual_superficie_porcentaje_victorias_ponderado_nivel,jugador_1_ano_actual_superficie_porcentaje_victorias_previas,jugador_1_ano_actual_superficie_porcentaje_victorias_sets_corridos,jugador_1_ano_actual_superficie_porcentaje_victorias_ultimos_10,jugador_1_ano_actual_superficie_porcentaje_victorias_ultimos_5,jugador_1_ano_actual_superficie_tiebreaks_previos,jugador_1_ano_actual_tiebreaks_previos,jugador_1_categoria_torneo_log_partidos_previos,jugador_1_categoria_torneo_margen_games_ultimos_10,jugador_1_categoria_torneo_margen_promedio_games,jugador_1_categoria_torneo_margen_promedio_sets,jugador_1_categoria_torneo_partidos_previos,jugador_1_categoria_torneo_porcentaje_derrotas_sets_corridos,jugador_1_categoria_torneo_porcentaje_tiebreaks_ganados,jugador_1_categoria_torneo_porcentaje_victorias_ponderado_nivel,jugador_1_categoria_torneo_porcentaje_victorias_previas,jugador_1_categoria_torneo_porcentaje_victorias_sets_corridos,jugador_1_categoria_torneo_porcentaje_victorias_ultimos_10,jugador_1_categoria_torneo_porcentaje_victorias_ultimos_5,jugador_1_categoria_torneo_tiebreaks_previos,jugador_1_defendia_titulo,jugador_1_dias_descanso,jugador_1_dias_desde_ultima_lesion,jugador_1_dias_lesionado_ano_actual,jugador_1_games_ultimos_7_dias,jugador_1_jugo_mismo_torneo_ano_anterior,jugador_1_lesion_abierta,jugador_1_lesiones_ano_actual,jugador_1_log_partidos_previos,jugador_1_margen_games_ultimos_10,jugador_1_margen_promedio_games,jugador_1_margen_promedio_sets,jugador_1_partidos_previos,jugador_1_partidos_ultimos_7_dias,jugador_1_porcentaje_derrotas_sets_corridos,jugador_1_porcentaje_tiebreaks_ganados,jugador_1_porcentaje_victorias_ponderado_nivel,jugador_1_porcentaje_victorias_previas,jugador_1_porcentaje_victorias_sets_corridos,jugador_1_porcentaje_victorias_ultimos_10,jugador_1_porcentaje_victorias_ultimos_5,jugador_1_puntos_race,jugador_1_puntos_ranking,jugador_1_ranking,jugador_1_ranking_fecha,jugador_1_ranking_log,jugador_1_ranking_race,jugador_1_ronda_mismo_torneo_ano_anterior,jugador_1_sets_ultimos_7_dias,jugador_1_superficie_log_partidos_previos,jugador_1_superficie_margen_games_ultimos_10,jugador_1_superficie_margen_promedio_games,jugador_1_superficie_margen_promedio_sets,jugador_1_superficie_partidos_previos,jugador_1_superficie_porcentaje_derrotas_sets_corridos,jugador_1_superficie_porcentaje_tiebreaks_ganados,jugador_1_superficie_porcentaje_victorias_ponderado_nivel,jugador_1_superficie_porcentaje_victorias_previas,jugador_1_superficie_porcentaje_victorias_sets_corridos,jugador_1_superficie_porcentaje_victorias_ultimos_10,jugador_1_superficie_porcentaje_victorias_ultimos_5,jugador_1_superficie_tiebreaks_previos,jugador_1_tiebreaks_previos,jugador_1_tiene_ranking,jugador_1_tiene_sembrado,jugador_2,jugador_2_ano_actual_log_partidos_previos,jugador_2_ano_actual_margen_games_ultimos_10,jugador_2_ano_actual_margen_promedio_games,jugador_2_ano_actual_margen_promedio_sets,jugador_2_ano_actual_partidos_previos,jugador_2_ano_actual_porcentaje_derrotas_sets_corridos,jugador_2_ano_actual_porcentaje_tiebreaks_ganados,jugador_2_ano_actual_porcentaje_victorias_ponderado_nivel,jugador_2_ano_actual_porcentaje_victorias_previas,jugador_2_ano_actual_porcentaje_victorias_sets_corridos,jugador_2_ano_actual_porcentaje_victorias_ultimos_10,jugador_2_ano_actual_porcentaje_victorias_ultimos_5,jugador_2_ano_actual_superficie_log_partidos_previos,jugador_2_ano_actual_superficie_margen_games_ultimos_10,jugador_2_ano_actual_superficie_margen_promedio_games,jugador_2_ano_actual_superficie_margen_promedio_sets,jugador_2_ano_actual_superficie_partidos_previos,jugador_2_ano_actual_superficie_porcentaje_derrotas_sets_corridos,jugador_2_ano_actual_superficie_porcentaje_tiebreaks_ganados,jugador_2_ano_actual_superficie_porcentaje_victorias_ponderado_nivel,jugador_2_ano_actual_superficie_porcentaje_victorias_previas,jugador_2_ano_actual_superficie_porcentaje_victorias_sets_corridos,jugador_2_ano_actual_superficie_porcentaje_victorias_ultimos_10,jugador_2_ano_actual_superficie_porcentaje_victorias_ultimos_5,jugador_2_ano_actual_superficie_tiebreaks_previos,jugador_2_ano_actual_tiebreaks_previos,jugador_2_categoria_torneo_log_partidos_previos,jugador_2_categoria_torneo_margen_games_ultimos_10,jugador_2_categoria_torneo_margen_promedio_games,jugador_2_categoria_torneo_margen_promedio_sets,jugador_2_categoria_torneo_partidos_previos,jugador_2_categoria_torneo_porcentaje_derrotas_sets_corridos,jugador_2_categoria_torneo_porcentaje_tiebreaks_ganados,jugador_2_categoria_torneo_porcentaje_victorias_ponderado_nivel,jugador_2_categoria_torneo_porcentaje_victorias_previas,jugador_2_categoria_torneo_porcentaje_victorias_sets_corridos,jugador_2_categoria_torneo_porcentaje_victorias_ultimos_10,jugador_2_categoria_torneo_porcentaje_victorias_ultimos_5,jugador_2_categoria_torneo_tiebreaks_previos,jugador_2_defendia_titulo,jugador_2_dias_descanso,jugador_2_dias_desde_ultima_lesion,jugador_2_dias_lesionado_ano_actual,jugador_2_games_ultimos_7_dias,jugador_2_jugo_mismo_torneo_ano_anterior,jugador_2_lesion_abierta,jugador_2_lesiones_ano_actual,jugador_2_log_partidos_previos,jugador_2_margen_games_ultimos_10,jugador_2_margen_promedio_games,jugador_2_margen_promedio_sets,jugador_2_partidos_previos,jugador_2_partidos_ultimos_7_dias,jugador_2_porcentaje_derrotas_sets_corridos,jugador_2_porcentaje_tiebreaks_ganados,jugador_2_porcentaje_victorias_ponderado_nivel,jugador_2_porcentaje_victorias_previas,jugador_2_porcentaje_victorias_sets_corridos,jugador_2_porcentaje_victorias_ultimos_10,jugador_2_porcentaje_victorias_ultimos_5,jugador_2_puntos_race,jugador_2_puntos_ranking,jugador_2_ranking,jugador_2_ranking_fecha,jugador_2_ranking_log,jugador_2_ranking_race,jugador_2_ronda_mismo_torneo_ano_anterior,jugador_2_sets_ultimos_7_dias,jugador_2_superficie_log_partidos_previos,jugador_2_superficie_margen_games_ultimos_10,jugador_2_superficie_margen_promedio_games,jugador_2_superficie_margen_promedio_sets,jugador_2_superficie_partidos_previos,jugador_2_superficie_porcentaje_derrotas_sets_corridos,jugador_2_superficie_porcentaje_tiebreaks_ganados,jugador_2_superficie_porcentaje_victorias_ponderado_nivel,jugador_2_superficie_porcentaje_victorias_previas,jugador_2_superficie_porcentaje_victorias_sets_corridos,jugador_2_superficie_porcentaje_victorias_ultimos_10,jugador_2_superficie_porcentaje_victorias_ultimos_5,jugador_2_superficie_tiebreaks_previos,jugador_2_tiebreaks_previos,jugador_2_tiene_ranking,jugador_2_tiene_sembrado,match_id,nota_confianza,odds_jugador_1,odds_jugador_2,partidos_previos_entre_ellos,prob_gana_jugador_1,prob_gana_jugador_2,prob_jugador_1_gana_2_0,prob_jugador_1_gana_al_menos_un_set,prob_jugador_2_gana_2_0,prob_jugador_2_gana_al_menos_un_set,ronda,sembrado_jugador_1,sembrado_jugador_2,sets_jugador_1,sets_jugador_2,superficie,target_gana_jugador_1,torneo,victorias_previas_jugador_1_vs_jugador_2,victorias_previas_jugador_2_vs_jugador_1
masters_1000,qualy,1.3931542456975734,3.5435309702066182,-0.2231435513142097,-4.0,0.017543859649122806,0.3184537311185349,3.0,0.07142857142857145,0.0,,,0.0,,,-2.0,,0.0,0.0,0,0.0,0.0,0.0,-0.26180262446395997,3.3000000000000003,-0.37479228979727486,-0.19346128281821207,-41.0,-0.001994017946161525,-0.09373202990224266,-0.06094217347956132,-0.06094217347956132,-0.09222333000997013,0.0,181.0,238.0,-59.0,-0.527162043085684,-357.0,0.0,63,0.7366322924996842,49.0,0.1691104594330401,-10.0,0.0,1,-0.18171300592118955,0.5041494048771402,2026-05-04,,,Garin,2.772588722239781,,-0.2,-0.4666666666666667,15,0.26666666666666666,0.0,0.3333333333333333,0.3333333333333333,0.2,,,2.3978952727983707,,1.7,0.2,10,0.1,0.0,0.5,0.5,0.3,,,2,4,0.0,,,,0,,,,,,,,0,0,11,,0,0,0,0,0,4.919980925828125,1.1,1.3088235294117647,0.2867647058823529,136,0,0.23529411764705882,0.4594594594594595,0.5661764705882353,0.5661764705882353,0.38235294117647056,0.4,0.4,215,679,85,2026-04-20,4.442651256490317,99,0,0,4.543294782270004,,1.8064516129032258,0.43010752688172044,93,0.22580645161290322,0.5652173913043478,0.6236559139784946,0.6236559139784946,0.3978494623655914,,,23,37,1,1,Echargui,2.995732273553991,,-1.894736842105263,-0.7368421052631579,19,0.631578947368421,0.4444444444444444,0.3157894736842105,0.3157894736842105,0.2631578947368421,,,2.0794415416798357,,-2.857142857142857,-0.42857142857142855,7,0.5714285714285714,1.0,0.42857142857142855,0.42857142857142855,0.2857142857142857,,,3,9,0.0,,,,0,,,,,,,,0,0,13,,0,0,0,0,0,5.181783550292085,-2.2,1.6836158192090396,0.480225988700565,177,0,0.23728813559322035,0.5531914893617021,0.6271186440677966,0.6271186440677966,0.4745762711864407,0.4,0.4,34,441,144,2026-04-20,4.969813299576001,456,0,0,3.8066624897703196,,-0.8636363636363636,-0.11363636363636363,44,0.29545454545454547,0.6428571428571429,0.45454545454545453,0.45454545454545453,0.29545454545454547,,,14,47,1,0,3193076,modelo_reentrenado_sin_experiencia_total_como_diferencial,1.14,5.33,0,0.7177956088410619,0.28220439115893814,0.44662365060118453,0.8586284108321729,0.14137158916782708,0.5533763493988155,Q-1R,1,,,,clay,,Rome,0,0
masters_1000,qualy,2.496912643936178,1.6680416549695705,0.2231435513142097,5.0,0.22587719298245612,0.2876820724517808,4.0,0.012121212121212144,0.0,,,0.0,,,2.0,,0.0,0.0,1,0.0,0.0,0.0,-0.10601819407679702,-0.8999999999999999,-1.9839167455061495,-0.4241958372753075,-17.0,0.13083412172816145,0.1205357142857143,-0.10190003153579313,-0.10190003153579313,-0.08092872910753707,0.09999999999999998,22.0,-425.0,205.0,1.0580451036791096,-80.0,-1.0,-50,-0.18632957819149354,-17.0,-0.1262626262626263,-24.0,0.0,-1,0.03728098229222687,-0.12472209812612012,2026-05-04,,,Martinez,3.2188758248682006,,1.0416666666666667,0.20833333333333334,24,0.25,0.5555555555555556,0.5416666666666666,0.5416666666666666,0.4166666666666667,,,2.772588722239781,,1.0,0.06666666666666667,15,0.2,0.5,0.4666666666666667,0.4666666666666667,0.3333333333333333,,,4,9,0.0,,,,0,,,,,,,,0,0,14,,0,0,1,0,0,5.0238805208462765,0.8,-0.8410596026490066,-0.19205298013245034,151,0,0.4105960264900662,0.65625,0.46357615894039733,0.46357615894039733,0.31788079470198677,0.5,0.4,74,163,314,2026-04-20,5.749392985908253,269,2,0,4.418840607796598,,-0.36585365853658536,-0.06097560975609756,82,0.3780487804878049,0.7333333333333333,0.5,0.5,0.32926829268292684,,,15,32,1,0,De Jong,2.995732273553991,,-0.3157894736842105,-0.631578947368421,19,0.3684210526315789,0.2,0.3157894736842105,0.3157894736842105,0.15789473684210525,,,2.4849066497880004,,1.8181818181818181,0.0,11,0.18181818181818182,0.5,0.45454545454545453,0.45454545454545453,0.2727272727272727,,,2,5,0.0,,,,0,,,,,,,,0,0,12,,0,0,1,0,0,5.1298987149230735,1.7,1.1428571428571428,0.23214285714285715,168,0,0.27976190476190477,0.5357142857142857,0.5654761904761905,0.5654761904761905,0.39880952380952384,0.4,0.2,52,588,109,2026-04-20,4.6913478822291435,349,3,0,4.605170185988092,,1.8686868686868687,0.494949494949495,99,0.2222222222222222,0.56,0.6262626262626263,0.6262626262626263,0.47474747474747475,,,25,56,1,1,3193078,modelo_reentrenado_sin_experiencia_total_como_diferencial,2.59,1.46,1,0.40049458775761654,0.5995054122423835,0.14897375997690318,0.6663992839186516,0.33360071608134845,0.8510262400230968,Q-1R,,14,,,clay,,Rome,1,0
masters_1000,qualy,2.7358361201161774,1.5760912498658406,-1.5040773967762742,-21.0,-0.09999999999999998,-1.3217558399823195,-11.0,0.23809523809523808,0.0,,,0.0,,,2.0,,0.0,-25.0,0,0.0,0.0,0.0,-2.5941059417529924,-1.7999999999999998,-2.5428709055876686,-0.9185934489402698,-161.0,0.13921001926782278,-0.5918367346938775,-0.2562620423892101,-0.2562620423892101,-0.27263969171483626,-0.10000000000000003,-127.0,-437.0,432.0,1.5067837583740173,279.0,-1.0,-41,-2.430418464503931,-114.0,-0.20483870967741935,-47.0,0.0,-1,-0.22509978415301635,0.05958332053563087,2026-05-04,,,Vasami,1.791759469228055,,-2.0,-0.6,5,0.6,0.0,0.4,0.4,0.2,,,1.3862943611198906,,1.0,0.3333333333333333,3,0.3333333333333333,0.0,0.6666666666666666,0.6666666666666666,0.3333333333333333,,,1,1,0.0,,,,0,,,,,,,,0,0,9,,0,0,1,0,0,2.5649493574615367,-2.4,-1.5833333333333333,-0.5833333333333334,12,0,0.4166666666666667,0.0,0.3333333333333333,0.3333333333333333,0.16666666666666666,0.3,0.4,39,69,555,2026-04-20,6.318968113746434,418,0,0,2.3978952727983707,,-0.6,-0.3,10,0.3,0.0,0.4,0.4,0.2,,,2,2,1,0,Barrios Vera,3.295836866004329,,-0.038461538461538464,-0.07692307692307693,26,0.46153846153846156,0.5,0.5,0.5,0.38461538461538464,,,2.70805020110221,,-0.6428571428571429,-0.42857142857142855,14,0.5,0.0,0.42857142857142855,0.42857142857142855,0.21428571428571427,,,2,8,0.0,,,,0,,,,,,,,0,0,7,,0,25,1,0,0,5.159055299214529,-0.6,0.9595375722543352,0.3352601156069364,173,1,0.2774566473988439,0.5918367346938775,0.5895953757225434,0.5895953757225434,0.4393063583815029,0.4,0.4,166,506,123,2026-04-20,4.812184355372417,139,1,3,4.8283137373023015,,1.1290322580645162,0.3951612903225806,124,0.2661290322580645,0.68,0.6048387096774194,0.6048387096774194,0.45161290322580644,,,25,49,1,1,3193080,modelo_reentrenado_sin_experiencia_total_como_diferencial,2.12,1.67,0,0.3655189697391432,0.6344810302608568,0.1851288331384845,0.6224279415251252,0.37757205847487485,0.8148711668615155,Q-1R,,23,,,clay,,Rome,0,0
masters_1000,qualy,1.343977787552933,3.90716446289752,0.4353180712578455,12.0,0.26839826839826847,0.9808292530117262,10.0,0.5333333333333332,0.0,,,0.0,,,-7.0,,0.0,18.0,0,0.0,0.0,0.0,0.3573789214405263,3.2,1.0479250052664844,0.35306509374341694,61.0,-0.06024857804929429,0.06818181818181818,0.11445825433607193,0.11445825433607193,0.028439014114177374,0.39999999999999997,237.0,131.0,-23.0,-0.20334092401803083,-115.0,0.0,54,2.167147122098941,116.0,0.4549450549450549,-8.0,0.0,1,-0.11456869970543959,0.12357696782090732,2026-05-04,,,Merida Aguilar,3.5263605246161616,,1.303030303030303,0.6363636363636364,33,0.21212121212121213,1.0,0.696969696969697,0.696969696969697,0.45454545454545453,,,2.772588722239781,,1.9333333333333333,0.8,15,0.13333333333333333,1.0,0.7333333333333333,0.7333333333333333,0.4666666666666667,,,4,7,0.0,,,,0,,,,,,,,0,0,7,,0,18,0,0,0,5.313205979041787,0.7,1.8564356435643565,0.5445544554455446,202,1,0.2376237623762376,0.5,0.6534653465346535,0.6534653465346535,0.4752475247524752,0.7,0.8,367,632,102,2026-04-20,4.624972813284271,58,0,2,4.875197323201151,,2.1,0.6076923076923076,130,0.2076923076923077,0.5238095238095238,0.6692307692307692,0.6692307692307692,0.47692307692307695,,,21,36,1,1,McDonald,3.091042453358316,,-0.5238095238095238,-0.23809523809523808,21,0.47619047619047616,0.2,0.42857142857142855,0.42857142857142855,0.38095238095238093,,,1.791759469228055,,-4.8,-1.2,5,0.8,0.0,0.2,0.2,0.2,,,1,5,0.0,,,,0,,,,,,,,0,0,14,,0,0,0,0,0,4.955827057601261,-2.5,0.8085106382978723,0.19148936170212766,141,0,0.2978723404255319,0.4318181818181818,0.5390070921985816,0.5390070921985816,0.44680851063829785,0.3,0.2,130,501,125,2026-04-20,4.8283137373023015,173,0,0,2.70805020110221,,-4.285714285714286,-1.1428571428571428,14,0.6428571428571429,0.0,0.21428571428571427,0.21428571428571427,0.21428571428571427,,,2,44,1,0,3193094,modelo_reentrenado_sin_experiencia_total_como_diferencial,1.19,4.39,0,0.7440599162139163,0.2559400837860837,0.4906904276652316,0.8423577933020163,0.15764220669798362,0.5093095723347685,Q-1R,10,,,,clay,,Rome,0,0
masters_1000,qualy,1.4375557574008897,3.2854230188629363,-0.1910552367627094,-4.0,0.015151515151515138,0.5389965007326871,5.0,0.196969696969697,0.0,,,0.0,,,5.0,,0.0,-17.0,0,0.0,0.0,0.0,-0.2654779151407709,0.9000000000000001,0.4091198979591837,0.155718537414966,-45.0,-0.03443877551020408,-0.030998851894374235,0.04623724489795922,0.04623724489795922,0.007971938775510223,0.0,64.0,189.0,-48.0,-0.3764775712349122,-72.0,2.0,52,1.1089750757036563,65.0,0.2721774193548387,-15.0,0.0,1,-0.16524976939356573,0.3057679255819974,2026-05-04,,,Comesana,2.9444389791664403,,-0.8888888888888888,-0.4444444444444444,18,0.3333333333333333,0.25,0.3333333333333333,0.3333333333333333,0.2222222222222222,,,2.4849066497880004,,0.18181818181818182,-0.18181818181818182,11,0.18181818181818182,0.25,0.36363636363636365,0.36363636363636365,0.2727272727272727,,,4,4,0.0,,,,0,,,,,,,,0,0,12,,0,0,1,0,0,4.997212273764115,-1.2,0.2789115646258503,0.10884353741496598,147,0,0.3197278911564626,0.46153846153846156,0.5306122448979592,0.5306122448979592,0.3673469387755102,0.3,0.4,168,610,105,2026-04-20,4.653960350157523,136,2,0,4.574710978503383,,0.6666666666666666,0.22916666666666666,96,0.28125,0.48484848484848486,0.5625,0.5625,0.3854166666666667,,,33,52,1,1,Harris,3.1354942159291497,,-2.1818181818181817,-0.6363636363636364,22,0.5,0.45454545454545453,0.3181818181818182,0.3181818181818182,0.22727272727272727,,,1.9459101490553132,,-3.1666666666666665,-1.1666666666666667,6,0.6666666666666666,0.0,0.16666666666666666,0.16666666666666666,0.16666666666666666,,,1,11,0.0,,,,0,,,,,,,,0,0,7,1065,0,17,1,0,0,5.262690188904886,-2.1,-0.13020833333333334,-0.046875,192,1,0.3541666666666667,0.4925373134328358,0.484375,0.484375,0.359375,0.3,0.2,104,421,153,2026-04-20,5.030437921392435,208,0,2,3.4657359027997265,,-1.7741935483870968,-0.8064516129032258,31,0.4838709677419355,0.2,0.2903225806451613,0.2903225806451613,0.12903225806451613,,,5,67,1,0,3193096,modelo_reentrenado_sin_experiencia_total_como_diferencial,1.2,4.29,0,0.6956251921720286,0.30437480782797144,0.4446358911292479,0.8376116276346779,0.16238837236532216,0.5553641088707522,Q-1R,12,,,,clay,,Rome,0,0
masters_1000,qualy,2.210509440922671,1.8260984724231337,0.21357410029805912,5.0,0.12,0.6418538861723944,9.0,0.16666666666666669,0.0,,,0.0,,,4.0,,0.0,-30.0,0,1.0,0.0,0.0,-0.2113090936672064,2.8,-0.7128853404302505,-0.1776003548458638,-32.0,0.021645597693501883,0.10387984981226533,-0.05003326679973391,-0.05003326679973391,-0.03082723442004881,0.3,44.0,-73.0,19.0,0.14813019204567546,-75.0,2.0,-44,-0.20479441264601306,-20.0,-0.032763991835857764,-13.0,0.0,-1,-0.28070879473994415,0.23213508689614737,2026-05-04,,,Lajovic,3.258096538021482,,0.32,0.12,25,0.32,0.6,0.52,0.52,0.4,,,2.9444389791664403,,0.1111111111111111,0.05555555555555555,18,0.3333333333333333,0.6,0.5,0.5,0.3888888888888889,,,5,10,0.0,,,,0,,,,,,,,0,0,10,,0,0,1,0,0,4.912654885736052,1.0,0.02962962962962963,-0.05185185185185185,135,0,0.362962962962963,0.5294117647058824,0.4888888888888889,0.4888888888888889,0.37037037037037035,0.6,0.6,123,451,138,2026-04-20,4.927253685157205,180,2,0,4.477336814478207,,0.9310344827586207,0.28735632183908044,87,0.3103448275862069,0.6842105263157895,0.5747126436781609,0.5747126436781609,0.45977011494252873,,,19,34,1,0,Choinski,3.044522437723423,,-1.25,-0.5,20,0.5,0.375,0.4,0.4,0.2,,,2.302585092994046,,-1.6666666666666667,-0.7777777777777778,9,0.5555555555555556,0.0,0.3333333333333333,0.3333333333333333,0.1111111111111111,,,2,8,0.0,,,,0,,,,,,,,0,0,6,,0,30,0,0,0,5.123963979403259,-1.8,0.7425149700598802,0.12574850299401197,167,1,0.3413173652694611,0.425531914893617,0.5389221556886228,0.5389221556886228,0.40119760479041916,0.3,0.2,79,524,119,2026-04-20,4.77912349311153,255,0,3,4.68213122712422,,1.411214953271028,0.37383177570093457,107,0.2897196261682243,0.46153846153846156,0.6074766355140186,0.6074766355140186,0.4485981308411215,,,26,47,1,1,3193082,modelo_reentrenado_sin_experiencia_total_como_diferencial,1.59,2.25,0,0.45238440582393447,0.5476155941760655,0.1923272622698588,0.7180972339863854,0.2819027660136147,0.8076727377301411,Q-1R,,20,,,clay,,Rome,0,0
masters_1000,qualy,1.9085285999439323,2.1006808151793046,0.1278333715098845,3.0,-0.20238095238095238,0.5596157879354227,3.0,-0.3333333333333333,0.0,,,0.0,,,-24.0,,0.0,0.0,-1,0.0,0.0,0.0,0.3121331683159454,1.2,-0.05715328467153302,-0.15503649635036498,37.0,0.02007299270072993,-0.078125,-0.05875912408759121,-0.05875912408759121,0.00445255474452555,-0.2,-62.0,192.0,-45.0,-0.4054651081081646,54.0,0.0,61,1.312186388966169,19.0,-0.1466666666666666,32.0,0.0,1,-0.28216952051950017,0.39002554738462814,2026-05-04,,,Kypson,3.2188758248682006,,1.0,-0.08333333333333333,24,0.2916666666666667,0.4166666666666667,0.4166666666666667,0.4166666666666667,0.4166666666666667,,,1.9459101490553132,,1.0,-0.3333333333333333,6,0.3333333333333333,0.0,0.3333333333333333,0.3333333333333333,0.3333333333333333,,,3,12,0.0,,,,0,,,,,,,,0,0,11,,0,0,0,0,0,4.927253685157205,-0.1,1.532846715328467,0.36496350364963503,137,0,0.27007299270072993,0.515625,0.5912408759124088,0.5912408759124088,0.4744525547445255,0.3,0.4,133,653,90,2026-04-20,4.499809670330265,169,0,0,3.258096538021482,,1.48,0.24,25,0.24,0.42857142857142855,0.52,0.52,0.48,,,14,64,1,1,Pinnington Jones,3.091042453358316,,0.9047619047619048,0.3333333333333333,21,0.3333333333333333,0.7777777777777778,0.6190476190476191,0.6190476190476191,0.42857142857142855,,,1.3862943611198906,,-0.3333333333333333,0.6666666666666666,3,0.3333333333333333,1.0,0.6666666666666666,0.6666666666666666,0.6666666666666666,,,1,9,0.0,,,,0,,,,,,,,0,0,35,,0,0,0,0,0,4.61512051684126,-1.3,1.59,0.52,100,0,0.25,0.59375,0.65,0.65,0.47,0.5,0.4,195,461,135,2026-04-20,4.90527477843843,115,0,0,1.9459101490553132,,0.8333333333333334,0.6666666666666666,6,0.16666666666666666,1.0,0.6666666666666666,0.6666666666666666,0.5,,,2,32,1,0,3193084,modelo_reentrenado_sin_experiencia_total_como_diferencial,1.37,2.92,1,0.5239638536354013,0.4760361463645987,0.2854860673795465,0.7491312457300909,0.25086875426990907,0.7145139326204535,Q-1R,3,,,,clay,,Rome,0,1
masters_1000,qualy,1.4895771324217084,3.0425790621663005,0.109199291964992,3.0,0.08285714285714285,0.6931471805599452,7.0,0.2692307692307693,0.0,,,0.0,,,0.0,,0.0,0.0,0,1.0,0.0,0.0,-0.13248918304607926,2.3,-0.38235294117647056,-0.24684873949579828,-17.0,0.028361344537815136,0.015318146111547581,-0.04516806722689071,-0.04516806722689071,-0.11764705882352944,0.29999999999999993,79.0,147.0,-32.0,-0.29298712468147414,-33.0,1.0,60,0.9954280524328789,29.0,0.18055555555555558,-29.0,0.0,1,0.006997198971057106,-0.17832866495176203,2026-05-04,,,Carreno-Busta,3.367295829986474,,1.3214285714285714,0.42857142857142855,28,0.21428571428571427,0.7142857142857143,0.6428571428571429,0.6428571428571429,0.39285714285714285,,,2.6390573296152584,,2.1538461538461537,0.6923076923076923,13,0.23076923076923078,1.0,0.7692307692307693,0.7692307692307693,0.38461538461538464,,,2,7,0.0,,,,0,,,,,,,,0,0,9,,0,0,1,0,0,4.787491742782046,1.2,1.0588235294117647,0.2605042016806723,119,0,0.2857142857142857,0.5526315789473685,0.5798319327731093,0.5798319327731093,0.4117647058823529,0.7,0.4,273,646,94,2026-04-20,4.543294782270004,83,1,0,3.828641396489095,,0.6666666666666666,0.17777777777777778,45,0.28888888888888886,0.6428571428571429,0.5555555555555556,0.5555555555555556,0.37777777777777777,,,14,38,1,1,Damm,3.258096538021482,,0.52,0.16,25,0.36,0.5333333333333333,0.56,0.56,0.48,,,1.9459101490553132,,-0.3333333333333333,0.0,6,0.3333333333333333,0.6,0.5,0.5,0.3333333333333333,,,5,15,0.0,,,,0,,,,,,,,0,0,9,,0,0,0,0,0,4.919980925828125,-1.1,1.4411764705882353,0.5073529411764706,136,0,0.25735294117647056,0.5373134328358209,0.625,0.625,0.5294117647058824,0.4,0.6,194,499,126,2026-04-20,4.836281906951478,116,0,0,2.833213344056216,,-1.3125,-0.4375,16,0.375,0.6,0.375,0.375,0.1875,,,5,67,1,0,3193086,modelo_reentrenado_sin_experiencia_total_como_diferencial,1.5,2.5,0,0.6713314659807048,0.3286685340192952,0.38074490747081635,0.8278759131309659,0.17212408686903413,0.6192550925291836,Q-1R,4,,,,clay,,Rome,0,0
masters_1000,qualy,1.878854372187321,2.13784493955599,0.0,0.0,0.1764705882352941,0.6931471805599452,4.0,0.7142857142857143,0.0,,,0.0,,,-7.0,,0.0,0.0,0,0.0,0.0,0.0,-0.15415067982725894,1.4000000000000001,-0.5355856415352129,-0.12073034405663896,-14.0,-0.009688237486026596,-0.014802631578947345,-0.009564029313128775,-0.009564029313128775,-0.11812197242578565,0.2,-77.0,-161.0,35.0,0.2853207962661015,39.0,0.0,-51,0.3227733922630507,16.0,0.11852802738553703,-6.0,0.0,-1,-0.052614174707024786,-0.07851127855458495,2026-05-04,,,Travaglia,2.8903717578961645,,0.5882352941176471,0.0,17,0.35294117647058826,0.25,0.5294117647058824,0.5294117647058824,0.4117647058823529,,,2.0794415416798357,,1.5714285714285714,0.5714285714285714,7,0.2857142857142857,0.4,0.7142857142857143,0.7142857142857143,0.7142857142857143,,,5,12,0.0,,,,0,,,,,,,,0,0,14,,0,0,0,0,0,4.430816798843313,0.3,-0.7108433734939759,-0.26506024096385544,83,0,0.3614457831325301,0.40625,0.43373493975903615,0.43373493975903615,0.25301204819277107,0.5,0.6,188,447,141,2026-04-20,4.948759890378168,126,0,0,4.060443010546419,,-0.15789473684210525,0.0,57,0.3157894736842105,0.5,0.5087719298245614,0.5087719298245614,0.3333333333333333,,,20,32,1,0,Wawrinka,2.8903717578961645,,-1.2941176470588236,-0.5882352941176471,17,0.47058823529411764,0.5555555555555556,0.35294117647058826,0.35294117647058826,0.17647058823529413,,,1.3862943611198906,,-2.3333333333333335,-1.6666666666666667,3,0.6666666666666666,0.0,0.0,0.0,0.0,,,1,9,0.0,,,,0,,,,,,,,0,0,21,,0,0,0,0,0,4.584967478670572,-1.1,-0.17525773195876287,-0.14432989690721648,97,0,0.3711340206185567,0.42105263157894735,0.44329896907216493,0.44329896907216493,0.3711340206185567,0.3,0.2,265,608,106,2026-04-20,4.663439094112067,87,0,0,3.7376696182833684,,0.0,-0.2682926829268293,41,0.3902439024390244,0.18181818181818182,0.3902439024390244,0.3902439024390244,0.36585365853658536,,,11,38,1,1,3193088,modelo_reentrenado_sin_experiencia_total_como_diferencial,1.78,1.97,0,0.5322392276926827,0.4677607723073173,0.30862932572898444,0.7315214267367548,0.2684785732632452,0.6913706742710155,Q-1R,,13,,,clay,,Rome,0,0
masters_1000,qualy,1.9677785508900714,2.033294237695488,0.06062462181643502,2.0,0.019550342130987386,-1.1314021114911004,-21.0,-0.14444444444444438,0.0,,,0.0,,,-2.0,,0.0,0.0,0,-1.0,0.0,0.0,0.017910926566529817,-3.4,-0.6075757575757577,-0.20378787878787877,3.0,0.07337662337662337,-0.0739348370927318,-0.034415584415584455,-0.034415584415584455,-0.05562770562770564,-0.30000000000000004,162.0,164.0,-34.0,-0.2978344439157983,-40.0,-3.0,57,-1.0099466515824531,-96.0,-0.1014814814814815,4.0,0.0,1,-0.19198224857120905,0.07215176219197228,2026-05-04,,,Van Assche,3.5263605246161616,,2.242424242424242,0.7878787878787878,33,0.15151515151515152,0.6666666666666666,0.696969696969697,0.696969696969697,0.5454545454545454,,,2.302585092994046,,0.2222222222222222,0.3333333333333333,9,0.2222222222222222,1.0,0.5555555555555556,0.5555555555555556,0.4444444444444444,,,1,6,0.0,,,,0,,,,,,,,0,0,14,,0,0,0,0,0,5.1298987149230735,-0.4,0.75,0.20833333333333334,168,0,0.2976190476190476,0.4523809523809524,0.5595238095238095,0.5595238095238095,0.39285714285714285,0.5,0.4,385,636,98,2026-04-20,4.584967478670572,55,0,0,4.007333185232471,,0.1111111111111111,0.018518518518518517,54,0.3888888888888889,0.5,0.5185185185185185,0.5185185185185185,0.37037037037037035,,,12,42,1,1,Dellien,3.4657359027997265,,2.0,0.6451612903225806,31,0.1935483870967742,0.6666666666666666,0.6774193548387096,0.6774193548387096,0.4838709677419355,,,3.4339872044851463,,2.2666666666666666,0.7333333333333333,30,0.16666666666666666,0.6666666666666666,0.7,0.7,0.5,,,6,6,0.0,,,,0,,,,,,,,0,0,16,,0,0,1,0,0,5.111987788356544,3.0,1.3575757575757577,0.4121212121212121,165,0,0.22424242424242424,0.5263157894736842,0.593939393939394,0.593939393939394,0.4484848484848485,0.8,1.0,223,472,132,2026-04-20,4.882801922586371,95,3,0,5.017279836814924,,1.7133333333333334,0.52,150,0.2,0.5555555555555556,0.62,0.62,0.4666666666666667,,,36,38,1,0,3193090,modelo_reentrenado_sin_experiencia_total_como_diferencial,1.59,2.18,0,0.508187265049554,0.491812734950446,0.2640137327695667,0.7248750307404617,0.2751249692595384,0.7359862672304334,Q-1R,7,,,,clay,,Rome,0,0
masters_1000,qualy,2.477041481866129,1.6770290559047645,-0.2657031657330058,-7.0,0.004702194357366851,-2.995732273553991,-19.0,,0.0,,,0.0,,,0.0,,14.0,0.0,0,-1.0,1.0,2.0,-0.6772317252540461,2.7,1.4057423930450699,0.3106840539922215,-92.0,-0.02425074353694806,0.12401433691756275,0.07881491649508121,0.07881491649508121,0.1234271333790895,0.29999999999999993,-27.0,-19.0,5.0,0.03953083875663488,19.0,-3.0,-40,-2.4254832293171993,-134.0,0.05022831050228305,-14.0,0.0,-1,0.2191963768506704,-0.19500500289682277,2026-05-04,,,Riedi,3.1354942159291497,,2.1818181818181817,0.45454545454545453,22,0.2727272727272727,0.6,0.5909090909090909,0.5909090909090909,0.5,,,0.0,,,,0,,,,,,,,0,5,0.0,,,,0,,,,,,,,0,0,9,9,14,0,0,1,2,4.553876891600541,2.1,2.265957446808511,0.6063829787234043,94,0,0.2553191489361702,0.6129032258064516,0.6702127659574468,0.6702127659574468,0.5212765957446809,0.7,0.8,158,484,129,2026-04-20,4.859812404361672,147,0,0,2.5649493574615367,,1.5833333333333333,0.5,12,0.3333333333333333,0.6666666666666666,0.6666666666666666,0.6666666666666666,0.5,,,6,31,1,0,Gaubas,3.4011973816621555,,1.1724137931034482,0.27586206896551724,29,0.3448275862068966,0.38461538461538464,0.5862068965517241,0.5862068965517241,0.4482758620689655,,,2.995732273553991,,0.3157894736842105,0.05263157894736842,19,0.42105263157894735,0.375,0.5263157894736842,0.5263157894736842,0.42105263157894735,,,8,13,0.0,,,,0,,,,,,,,0,0,9,,0,0,1,0,0,5.231108616854587,-0.6,0.8602150537634409,0.2956989247311828,186,0,0.27956989247311825,0.4888888888888889,0.5913978494623656,0.5913978494623656,0.3978494623655914,0.4,0.6,185,503,124,2026-04-20,4.820281565605037,128,3,0,4.990432586778736,,1.1506849315068493,0.3904109589041096,146,0.2602739726027397,0.5,0.6164383561643836,0.6164383561643836,0.4246575342465753,,,34,45,1,1,3193098,modelo_reentrenado_sin_experiencia_total_como_diferencial,3.02,1.35,0,0.4037074095532021,0.5962925904467979,0.14806630756586775,0.5225270807928601,0.4774729192071399,0.8519336924341323,Q-1R,,24,,,clay,,Rome,0,0
masters_1000,qualy,3.0522346996948424,1.4872737022469678,-0.08004270767353638,-2.0,-0.2886956521739131,-0.15415067982725827,-1.0,-0.2666666666666666,0.0,,,0.0,,,9.0,,15.0,0.0,0,0.0,0.0,1.0,-0.1403573576949224,-1.7000000000000002,-0.932975428453438,-0.5042742102002891,-22.0,0.11402023539128642,-0.25526315789473686,-0.16667354945281848,-0.16667354945281848,-0.05690687590336568,-0.19999999999999996,-177.0,-467.0,324.0,1.3525453763832491,290.0,0.0,-48,-0.37605122290187065,-21.0,-0.20808080808080814,-22.0,0.0,-1,0.9756016798455471,-0.2536679709168419,2026-05-04,,,Martin Manzano,3.1780538303479458,,-0.7391304347826086,-0.2608695652173913,23,0.391304347826087,0.5,0.391304347826087,0.391304347826087,0.30434782608695654,,,1.791759469228055,,-0.6,-0.2,5,0.4,0.5,0.4,0.4,0.4,,,4,8,0.0,,,,0,,,,,,,,0,0,21,61,15,0,0,0,1,4.983606621708336,-0.8,0.3724137931034483,-0.05517241379310345,145,0,0.36551724137931035,0.39473684210526316,0.46206896551724136,0.46206896551724136,0.38620689655172413,0.4,0.4,46,104,437,2026-04-20,6.07993319509559,384,0,0,3.828641396489095,,0.4,0.044444444444444446,45,0.35555555555555557,0.4166666666666667,0.4888888888888889,0.4888888888888889,0.4222222222222222,,,12,38,1,0,Droguet,3.258096538021482,,1.56,0.6,25,0.2,0.8333333333333334,0.68,0.68,0.44,,,1.9459101490553132,,2.3333333333333335,0.5,6,0.16666666666666666,0.3333333333333333,0.6666666666666666,0.6666666666666666,0.3333333333333333,,,3,12,0.0,,,,0,,,,,,,,0,0,12,,0,0,0,0,0,5.123963979403259,0.9,1.3053892215568863,0.4491017964071856,167,0,0.25149700598802394,0.65,0.6287425149700598,0.6287425149700598,0.4431137724550898,0.6,0.6,223,571,113,2026-04-20,4.727387818712341,94,0,0,4.204692619390966,,2.3333333333333335,0.6666666666666666,66,0.21212121212121213,0.6521739130434783,0.696969696969697,0.696969696969697,0.4696969696969697,,,23,60,1,1,3193100,modelo_reentrenado_sin_experiencia_total_como_diferencial,6.03,1.11,0,0.3276288026277856,0.6723711973722144,0.15336791953658838,0.5406517877601639,0.45934821223983613,0.8466320804634117,Q-1R,,16,,,clay,,Rome,0,0
masters_1000,qualy,1.879581059056855,2.13690488182211,-0.09097177820572666,-2.0,0.00454545454545463,1.0498221244986776,13.0,0.07894736842105265,0.0,,,0.0,,,7.0,,0.0,-13.0,0,-1.0,0.0,0.0,-0.01360565205577835,-0.8,0.3610133708655876,0.09673938540933615,-2.0,0.01839080459770115,-0.05787037037037035,0.027820783485808076,0.027820783485808076,0.025287356321839094,-0.09999999999999998,2.0,-71.0,15.0,0.12260232209233202,-6.0,-1.0,-47,0.9200572146696318,80.0,0.1217948717948718,-5.0,0.0,-1,0.05342623584083883,-0.1763788763029679,2026-05-04,,,Pellegrino,3.044522437723423,,0.1,0.2,20,0.3,0.75,0.55,0.55,0.35,,,2.995732273553991,,0.3684210526315789,0.2631578947368421,19,0.3157894736842105,0.75,0.5789473684210527,0.5789473684210527,0.3684210526315789,,,4,4,0.0,,,,0,,,,,,,,0,0,14,,0,0,0,0,0,4.983606621708336,-0.2,0.034482758620689655,0.1103448275862069,145,0,0.35172413793103446,0.6296296296296297,0.5448275862068965,0.5448275862068965,0.3586206896551724,0.5,0.2,112,484,130,2026-04-20,4.867534450455582,195,0,0,4.890349128221754,,0.4621212121212121,0.24242424242424243,132,0.3181818181818182,0.6538461538461539,0.5833333333333334,0.5833333333333334,0.3787878787878788,,,26,27,1,0,Gaston,3.1354942159291497,,0.045454545454545456,0.09090909090909091,22,0.4090909090909091,0.6,0.5454545454545454,0.5454545454545454,0.4090909090909091,,,1.9459101490553132,,0.16666666666666666,0.0,6,0.5,0.6666666666666666,0.5,0.5,0.5,,,3,5,0.0,,,,0,,,,,,,,0,0,7,,0,13,1,0,0,4.997212273764115,0.6,-0.32653061224489793,0.013605442176870748,147,1,0.3333333333333333,0.6875,0.5170068027210885,0.5170068027210885,0.3333333333333333,0.6,0.6,110,555,115,2026-04-20,4.74493212836325,201,1,2,3.970291913552122,,-0.6538461538461539,-0.11538461538461539,52,0.3269230769230769,0.7333333333333333,0.46153846153846156,0.46153846153846156,0.3076923076923077,,,15,32,1,1,3193102,modelo_reentrenado_sin_experiencia_total_como_diferencial,1.98,1.76,0,0.5320334524448681,0.4679665475551319,0.2792540495431598,0.6984323131728867,0.3015676868271134,0.7207459504568402,Q-1R,,17,,,clay,,Rome,0,0
masters_1000,qualy,2.0994683484714924,1.9095305029837597,0.4054651081081646,10.0,0.007259528130671433,0.15415067982725827,1.0,-0.30000000000000004,0.0,,,0.0,,,2.0,,0.0,0.0,0,-1.0,0.0,0.0,-0.08907963005368824,-1.2,-0.8855357142857143,-0.14267857142857143,-15.0,0.0007142857142857229,0.27424242424242423,-0.048392857142857126,-0.048392857142857126,-0.03732142857142856,-0.09999999999999998,61.0,125.0,-23.0,-0.1997961873172187,-54.0,0.0,53,-0.8070914399091627,-36.0,-0.13392857142857145,31.0,0.0,1,-0.18550808291777443,0.08403610037414788,2026-05-04,,,Bonzi,3.4011973816621555,,0.5517241379310345,0.3103448275862069,29,0.3103448275862069,0.6666666666666666,0.5862068965517241,0.5862068965517241,0.4827586206896552,,,1.9459101490553132,,-0.5,0.0,6,0.5,1.0,0.5,0.5,0.5,,,2,12,0.0,,,,0,,,,,,,,0,0,10,,0,0,0,0,0,5.081404364984463,0.2,0.66875,0.26875,160,0,0.275,0.6909090909090909,0.56875,0.56875,0.43125,0.5,0.6,191,616,104,2026-04-20,4.6443908991413725,120,0,0,3.367295829986474,,-0.5714285714285714,-0.21428571428571427,28,0.32142857142857145,0.8,0.42857142857142855,0.42857142857142855,0.25,,,5,55,1,1,Svrcina,2.995732273553991,,0.8947368421052632,0.3157894736842105,19,0.3157894736842105,0.6,0.5789473684210527,0.5789473684210527,0.5263157894736842,,,1.791759469228055,,4.2,1.4,5,0.0,1.0,0.8,0.8,0.8,,,1,5,0.0,,,,0,,,,,,,,0,0,8,,0,0,1,0,0,5.170483995038151,1.4,1.5542857142857143,0.4114285714285714,175,0,0.2742857142857143,0.4166666666666667,0.6171428571428571,0.6171428571428571,0.4685714285714286,0.6,0.8,130,491,127,2026-04-20,4.844187086458591,174,0,0,4.174387269895637,,0.375,0.21875,64,0.328125,0.4444444444444444,0.5625,0.5625,0.421875,,,9,24,1,0,3193104,modelo_reentrenado_sin_experiencia_total_como_diferencial,1.71,2.07,0,0.47631106262118456,0.5236889373788154,0.2403002452954793,0.7080429556849774,0.2919570443150226,0.7596997547045207,Q-1R,11,,,,clay,,Rome,0,0
masters_1000,qualy,1.6155674107290208,2.62451744938169,0.32277339226305113,8.0,-0.06428571428571428,0.35667494393873267,3.0,0.22222222222222227,0.0,,,0.0,,,-7.0,,0.0,17.0,1,-1.0,0.0,0.0,0.0,0.4,0.8219178082191779,0.2054794520547945,0.0,-0.047945205479452024,0.15347593582887709,0.07534246575342463,0.07534246575342463,0.02054794520547948,0.0,7.0,-61.0,19.0,0.14585187701256253,-17.0,-2.0,-42,0.603535021870258,29.0,0.31372549019607837,-21.0,0.0,-1,0.008933449124519433,-0.1617506675300262,2026-05-04,,,Budkov Kjaer,3.367295829986474,,0.25,-0.03571428571428571,28,0.39285714285714285,0.5714285714285714,0.5357142857142857,0.5357142857142857,0.35714285714285715,,,2.302585092994046,,1.0,0.1111111111111111,9,0.3333333333333333,0.5,0.5555555555555556,0.5555555555555556,0.4444444444444444,,,2,7,0.0,,,,0,,,,,,,,0,0,7,,0,17,0,0,0,4.990432586778736,0.2,1.417808219178082,0.4726027397260274,146,1,0.2671232876712329,0.7352941176470589,0.636986301369863,0.636986301369863,0.4726027397260274,0.5,0.8,117,451,140,2026-04-20,4.941642422609304,185,0,2,4.1588830833596715,,1.9523809523809523,0.5714285714285714,63,0.25396825396825395,0.6875,0.6666666666666666,0.6666666666666666,0.5079365079365079,,,16,34,1,0,Virtanen,3.044522437723423,,1.15,0.55,20,0.15,0.625,0.6,0.6,0.5,,,1.9459101490553132,,-0.6666666666666666,-0.16666666666666666,6,0.16666666666666666,0.0,0.3333333333333333,0.3333333333333333,0.3333333333333333,,,1,8,0.0,,,,0,,,,,,,,0,0,14,,0,0,1,0,0,4.990432586778736,-0.2,0.5958904109589042,0.2671232876712329,146,0,0.3150684931506849,0.5818181818181818,0.5616438356164384,0.5616438356164384,0.4520547945205479,0.5,0.4,110,512,121,2026-04-20,4.795790545596741,202,2,0,3.5553480614894135,,-1.3235294117647058,-0.5,34,0.47058823529411764,0.3333333333333333,0.35294117647058826,0.35294117647058826,0.2647058823529412,,,9,55,1,1,3193106,modelo_reentrenado_sin_experiencia_total_como_diferencial,1.63,2.2,1,0.6189775761500119,0.3810224238499881,0.35904517434304695,0.7567252068298372,0.24327479317016273,0.640954825656953,Q-1R,,22,,,clay,,Rome,1,0
masters_1000,qualy,2.82536481621543,1.5478356935099267,-1.7578579175523739,-24.0,0.0,-1.2809338454620642,-13.0,-0.02941176470588236,0.0,,,0.0,,,29.0,,0.0,0.0,0,0.0,0.0,0.0,-1.902660165261497,-3.4,-3.6153846153846154,-0.9102564102564101,-154.0,0.24957264957264957,0.0,-0.23162393162393158,-0.23162393162393158,-0.21965811965811965,-0.2,-130.0,-394.0,213.0,1.0424675596590074,158.0,0.0,-46,-1.599387576580599,-79.0,-0.2116004296455425,-56.0,0.0,-1,0.5608603797605103,-0.23118454691950285,2026-05-04,,,Bondioli,1.6094379124341003,,-1.75,0.0,4,0.25,1.0,0.5,0.5,0.25,,,1.6094379124341003,,-1.75,0.0,4,0.25,1.0,0.5,0.5,0.25,,,1,1,0.0,,,,0,,,,,,,,0,0,37,,0,0,0,0,0,3.295836866004329,-3.3,-2.6153846153846154,-0.5769230769230769,26,0,0.5384615384615384,0.42857142857142855,0.34615384615384615,0.34615384615384615,0.2692307692307692,0.3,0.4,77,155,329,2026-04-20,5.796057750765372,261,0,0,2.995732273553991,,-1.4210526315789473,-0.3157894736842105,19,0.47368421052631576,0.5,0.42105263157894735,0.42105263157894735,0.3157894736842105,,,4,7,1,0,Nava,3.367295829986474,,-0.07142857142857142,0.03571428571428571,28,0.35714285714285715,0.23076923076923078,0.5,0.5,0.42857142857142855,,,2.8903717578961645,,-0.35294117647058826,0.11764705882352941,17,0.4117647058823529,0.2857142857142857,0.5294117647058824,0.5294117647058824,0.5294117647058824,,,7,13,0.0,,,,0,,,,,,,,0,0,8,,0,0,0,0,0,5.198497031265826,0.1,1.0,0.3333333333333333,180,0,0.28888888888888886,0.42857142857142855,0.5777777777777777,0.5777777777777777,0.4888888888888889,0.5,0.4,207,549,116,2026-04-20,4.7535901911063645,103,0,0,4.59511985013459,,1.5,0.5306122448979592,98,0.25510204081632654,0.41935483870967744,0.6326530612244898,0.6326530612244898,0.5408163265306123,,,31,63,1,1,3193108,modelo_reentrenado_sin_experiencia_total_como_diferencial,4.41,1.19,0,0.35393659405000233,0.6460634059499977,0.11684323806157403,0.626640861434459,0.373359138565541,0.883156761938426,Q-1R,,18,,,clay,,Rome,0,0
masters_1000,qualy,2.142935052058233,1.8749403548339592,1.4816045409242158,17.0,-0.07142857142857145,0.0,0.0,-1.0,0.0,,,0.0,,,-1.0,,0.0,0.0,0,1.0,0.0,0.0,1.9859154836690123,1.2,1.356578947368421,0.3315789473684211,132.0,-0.06447368421052635,0.2625,0.07368421052631574,0.07368421052631574,0.16578947368421051,-0.10000000000000003,278.0,540.0,-361.0,-1.5521582056108025,-491.0,1.0,58,0.7308875085427924,14.0,-0.23717948717948723,75.0,0.0,1,-0.30002544941374243,0.32804224602681264,2026-05-04,,,Kovacevic,3.091042453358316,,0.23809523809523808,-0.14285714285714285,21,0.2857142857142857,0.47058823529411764,0.42857142857142855,0.42857142857142855,0.3333333333333333,,,1.0986122886681098,,-3.5,-1.5,2,0.5,0.0,0.0,0.0,0.0,,,1,17,0.0,,,,0,,,,,,,,0,0,14,,0,0,1,0,0,5.030437921392435,-0.3,0.006578947368421052,-0.11842105263157894,152,0,0.3355263157894737,0.4625,0.47368421052631576,0.47368421052631576,0.3157894736842105,0.3,0.2,303,636,97,2026-04-20,4.574710978503383,72,1,0,3.295836866004329,,-0.6153846153846154,-0.34615384615384615,26,0.2692307692307692,0.3333333333333333,0.34615384615384615,0.34615384615384615,0.3076923076923077,,,9,80,1,1,Carboni,1.6094379124341003,,-1.25,-0.25,4,0.25,1.0,0.5,0.5,0.0,,,1.0986122886681098,,1.0,1.0,2,0.0,1.0,1.0,1.0,0.0,,,1,1,0.0,,,,0,,,,,,,,0,0,15,,0,0,0,0,0,3.044522437723423,-1.5,-1.35,-0.45,20,0,0.4,0.2,0.4,0.4,0.15,0.4,0.4,25,96,458,2026-04-20,6.126869184114185,563,0,0,2.5649493574615367,,-0.25,0.08333333333333333,12,0.25,0.5,0.5833333333333334,0.5833333333333334,0.16666666666666666,,,2,5,1,0,3193110,modelo_reentrenado_sin_experiencia_total_como_diferencial,1.5,2.49,0,0.46664970039083836,0.5333502996091617,0.2120653616643095,0.7392991052104498,0.26070089478955016,0.7879346383356904,Q-1R,6,,,,clay,,Rome,0,0
masters_1000,qualy,1.9872843767985375,2.012879392706178,0.17185025692665912,3.0,-0.1111111111111111,0.0,0.0,,0.0,,,0.0,,,-6.0,,0.0,0.0,0,-1.0,0.0,0.0,0.17062551703076334,-1.2,-1.876233552631579,-0.5082236842105263,24.0,0.08182565789473684,-0.1833333333333333,-0.1615953947368421,-0.1615953947368421,-0.11101973684210525,-0.10000000000000003,-19.0,-99.0,18.0,0.15154989812720032,70.0,-2.0,-49,0.21130909366720685,4.0,-0.175,-4.0,0.0,-1,0.1472942808884854,-0.21505480868588023,2026-05-04,,,Mochizuki,2.9444389791664403,,-2.8333333333333335,-1.0555555555555556,18,0.5555555555555556,0.0,0.2222222222222222,0.2222222222222222,0.1111111111111111,,,0.0,,,,0,,,,,,,,0,3,0.0,,,,0,,,,,,,,0,0,40,,0,0,0,0,0,5.030437921392435,-2.4,-0.3684210526315789,-0.039473684210526314,152,0,0.35526315789473684,0.4166666666666667,0.4868421052631579,0.4868421052631579,0.34210526315789475,0.3,0.4,54,487,128,2026-04-20,4.852030263919617,341,0,0,3.044522437723423,,-1.3,-0.2,20,0.3,0.5,0.45,0.45,0.2,,,2,36,1,0,Fearnley,2.772588722239781,,-1.8,-0.5333333333333333,15,0.4,0.42857142857142855,0.3333333333333333,0.3333333333333333,0.2,,,0.0,,,,0,,,,,,,,0,7,0.0,,,,0,,,,,,,,0,0,46,,0,0,1,0,0,4.859812404361672,-1.2,1.5078125,0.46875,128,0,0.2734375,0.6,0.6484375,0.6484375,0.453125,0.4,0.2,73,586,110,2026-04-20,4.700480365792417,271,2,0,2.833213344056216,,1.3125,0.3125,16,0.375,0.5,0.625,0.625,0.5,,,6,40,1,1,3193112,modelo_reentrenado_sin_experiencia_total_como_diferencial,2.28,1.58,0,0.5031992460037217,0.4968007539962783,0.2627465720468723,0.6974233072569751,0.30257669274302484,0.7372534279531278,Q-1R,,15,,,clay,,Rome,0,0
masters_1000,qualy,1.4747529255222707,3.106358794734989,0.24116205681688774,6.0,0.12698412698412703,0.5596157879354227,3.0,0.5,0.0,,,0.0,,,-3.0,,0.0,0.0,0,-1.0,0.0,0.0,0.24956311434817113,1.0,0.8686067019400352,0.283068783068783,36.0,-0.08994708994708994,0.17113893858079904,0.09611992945326281,0.09611992945326281,0.014109347442680775,0.19999999999999996,103.0,191.0,-44.0,-0.3677247801253172,-40.0,-1.0,56,0.8109302162163288,25.0,0.2141148325358852,-4.0,0.0,1,0.08492749687773915,-0.27889849562883484,2026-05-04,,,Landaluce,3.332204510175204,,-0.2222222222222222,0.1111111111111111,27,0.3333333333333333,0.8333333333333334,0.5555555555555556,0.5555555555555556,0.37037037037037035,,,1.9459101490553132,,-1.1666666666666667,-0.16666666666666666,6,0.5,,0.5,0.5,0.3333333333333333,,,0,6,0.0,,,,0,,,,,,,,0,0,11,,0,0,0,0,0,5.093750200806762,-0.2,0.5987654320987654,0.2037037037037037,162,0,0.3148148148148148,0.5897435897435898,0.5802469135802469,0.5802469135802469,0.3950617283950617,0.6,0.4,295,634,99,2026-04-20,4.59511985013459,78,0,0,3.8066624897703196,,-0.8409090909090909,-0.18181818181818182,44,0.4090909090909091,0.6,0.4772727272727273,0.4772727272727273,0.2727272727272727,,,10,39,1,1,O'Connell,3.091042453358316,,-0.9523809523809523,-0.3333333333333333,21,0.47619047619047616,0.3,0.42857142857142855,0.42857142857142855,0.3333333333333333,,,1.3862943611198906,,-4.333333333333333,-2.0,3,1.0,0.0,0.0,0.0,0.0,,,3,10,0.0,,,,0,,,,,,,,0,0,14,,0,0,1,0,0,4.844187086458591,-1.2,-0.2698412698412698,-0.07936507936507936,126,0,0.40476190476190477,0.4186046511627907,0.48412698412698413,0.48412698412698413,0.38095238095238093,0.4,0.2,192,443,143,2026-04-20,4.962844630259907,118,1,0,2.995732273553991,,-3.0526315789473686,-1.0526315789473684,19,0.6842105263157895,0.25,0.2631578947368421,0.2631578947368421,0.10526315789473684,,,8,43,1,0,3193114,modelo_reentrenado_sin_experiencia_total_como_diferencial,1.6,2.24,0,0.678079685548587,0.321920314451413,0.438872137630541,0.7951740976107363,0.20482590238926365,0.561127862369459,Q-1R,8,,,,clay,,Rome,0,0
masters_1000,qualy,1.2980601904664173,4.355027044823252,0.1823215567939549,5.0,0.015804597701149392,1.3862943611198906,15.0,0.48684210526315785,0.0,,,0.0,,,-5.0,,-42.0,0.0,0,0.0,0.0,-2.0,-0.19035372849121845,3.0,-0.1987777595896767,-0.23097069896873457,-26.0,-0.001964314945162887,-0.15543575920934405,-0.06629562939924694,-0.06629562939924694,-0.052981939215365315,0.30000000000000004,16.0,311.0,-84.0,-0.6757554378480766,-9.0,0.0,62,0.2144098713454552,11.0,-0.02341269841269844,-32.0,0.0,1,-0.07554363902892869,-0.021820081447303408,2026-05-04,,,Prizmic,3.4011973816621555,,3.0344827586206895,0.896551724137931,29,0.13793103448275862,0.6666666666666666,0.7241379310344828,0.7241379310344828,0.5862068965517241,,,2.995732273553991,,3.263157894736842,1.0,19,0.10526315789473684,0.5714285714285714,0.7368421052631579,0.7368421052631579,0.631578947368421,,,7,12,0.0,,,,0,,,,,,,,0,0,8,,0,0,0,0,0,4.820281565605037,3.4,2.130081300813008,0.5609756097560976,123,0,0.21951219512195122,0.5238095238095238,0.6585365853658537,0.6585365853658537,0.5040650406504065,0.8,0.8,228,670,87,2026-04-20,4.465908118654584,93,0,0,4.04305126783455,,3.3214285714285716,0.9107142857142857,56,0.14285714285714285,0.45454545454545453,0.7321428571428571,0.7321428571428571,0.625,,,11,21,1,1,Rodesch,3.2188758248682006,,1.875,0.7916666666666666,24,0.25,0.6363636363636364,0.7083333333333334,0.7083333333333334,0.625,,,1.6094379124341003,,-2.25,-0.75,4,0.5,0.5,0.25,0.25,0.25,,,2,11,0.0,,,,0,,,,,,,,0,0,13,27,42,0,0,0,2,5.0106352940962555,0.4,2.3288590604026846,0.7919463087248322,149,0,0.2214765100671141,0.6792452830188679,0.7248322147651006,0.7248322147651006,0.5570469798657718,0.5,0.2,212,359,171,2026-04-20,5.14166355650266,102,0,0,3.828641396489095,,3.2666666666666666,0.9111111111111111,45,0.17777777777777778,0.5714285714285714,0.7555555555555555,0.7555555555555555,0.5777777777777777,,,14,53,1,0,3193122,modelo_reentrenado_sin_experiencia_total_como_diferencial,1.2,4.26,0,0.7703803008092261,0.22961969919077385,0.440747575857741,0.8857954492059212,0.11420455079407875,0.559252424142259,Q-1R,2,,,,clay,,Rome,0,0
masters_1000,qualy,2.637645619585859,1.6106327205594626,-0.2231435513142097,-5.0,0.00438596491228066,0.3364722366212125,4.0,-0.09401709401709402,0.0,,,0.0,,,-4.0,,0.0,0.0,-1,0.0,0.0,0.0,-0.07286134826487167,-1.2999999999999998,0.7887744724129163,0.20614035087719296,-13.0,-0.03616831934909742,0.1271529888551165,0.04964403763030767,0.04964403763030767,0.09366259852529873,0.0,68.0,-152.0,49.0,0.34240697214102767,-79.0,0.0,-43,0.5485659517488379,57.0,0.08722620662919178,-5.0,0.0,-1,-0.37444212075044836,0.3286703869127028,2026-05-04,,,Moller,2.995732273553991,,-2.1578947368421053,-0.2631578947368421,19,0.47368421052631576,0.625,0.42105263157894735,0.42105263157894735,0.3684210526315789,,,2.6390573296152584,,-2.4615384615384617,-0.23076923076923078,13,0.46153846153846156,0.75,0.46153846153846156,0.46153846153846156,0.38461538461538464,,,4,8,0.0,,,,0,,,,,,,,0,0,8,,0,0,0,0,0,5.147494476813453,-1.7,1.6257309941520468,0.45614035087719296,171,0,0.2573099415204678,0.5952380952380952,0.6257309941520468,0.6257309941520468,0.47953216374269003,0.5,0.8,170,364,169,2026-04-20,5.1298987149230735,135,0,0,4.90527477843843,,2.2388059701492535,0.6417910447761194,134,0.21641791044776118,0.6285714285714286,0.6716417910447762,0.6716417910447762,0.5298507462686567,,,35,42,1,0,Basilashvili,3.2188758248682006,,-0.9166666666666666,-0.375,24,0.5416666666666666,0.3,0.4166666666666667,0.4166666666666667,0.3333333333333333,,,2.302585092994046,,0.0,0.2222222222222222,9,0.3333333333333333,0.4,0.5555555555555556,0.5555555555555556,0.4444444444444444,,,5,10,0.0,,,,0,,,,,,,,0,0,12,,0,0,0,0,0,5.220355825078324,-0.4,0.8369565217391305,0.25,184,0,0.29347826086956524,0.46808510638297873,0.5760869565217391,0.5760869565217391,0.3858695652173913,0.5,0.4,102,516,120,2026-04-20,4.787491742782046,214,0,0,4.356708826689592,,0.987012987012987,0.37662337662337664,77,0.2077922077922078,0.47368421052631576,0.5844155844155844,0.5844155844155844,0.42857142857142855,,,19,47,1,1,3193092,modelo_reentrenado_sin_experiencia_total_como_diferencial,1.65,2.14,1,0.37912598742397075,0.6208740125760293,0.1902755152434332,0.5969465726500627,0.40305342734993727,0.8097244847565668,Q-1R,,21,,,clay,,Rome,0,1
masters_1000,qualy,2.193869373312787,1.8376125750048917,-0.1892419996385284,-5.0,0.052795031055900554,-0.737598943130779,-12.0,-0.027272727272727337,0.0,,,0.0,,,-6.0,,0.0,19.0,-1,0.0,0.0,0.0,-0.06252035698133351,1.5,1.1231390560658854,0.3284764016471333,-10.0,-0.11339879632562558,-0.01196808510638303,0.0688945201140323,0.0688945201140323,0.07768451061133985,0.09999999999999998,11.0,-93.0,30.0,0.2265276492984496,-14.0,0.0,-45,-0.16705408466316563,-16.0,0.0805713648030354,1.0,0.0,-1,-0.25246232982250594,0.18088003397246188,2026-05-04,,,Piros,3.1780538303479458,,2.391304347826087,0.6521739130434783,23,0.21739130434782608,0.42857142857142855,0.6956521739130435,0.6956521739130435,0.4782608695652174,,,2.3978952727983707,,2.6,0.6,10,0.2,0.0,0.7,0.7,0.4,,,2,7,0.0,,,,0,,,,,,,,0,0,7,370,0,19,0,0,0,5.043425116919247,2.6,1.5194805194805194,0.487012987012987,154,1,0.24025974025974026,0.5625,0.6298701298701299,0.6298701298701299,0.474025974025974,0.7,0.8,200,432,148,2026-04-20,4.997212273764115,110,0,2,4.477336814478207,,1.7241379310344827,0.5172413793103449,87,0.22988505747126436,0.48,0.6436781609195402,0.6436781609195402,0.4482758620689655,,,25,48,1,0,Rocha,3.367295829986474,,1.8214285714285714,0.6071428571428571,28,0.25,0.875,0.6428571428571429,0.6428571428571429,0.5714285714285714,,,3.1354942159291497,,2.5454545454545454,0.8636363636363636,22,0.22727272727272727,0.875,0.7272727272727273,0.7272727272727273,0.6363636363636364,,,8,8,0.0,,,,0,,,,,,,,0,0,13,,0,0,0,0,0,5.10594547390058,1.1,0.39634146341463417,0.15853658536585366,164,0,0.35365853658536583,0.574468085106383,0.5609756097560976,0.5609756097560976,0.39634146341463417,0.6,0.6,189,525,118,2026-04-20,4.770684624465665,124,0,0,4.6443908991413725,,0.4174757281553398,0.17475728155339806,103,0.33980582524271846,0.625,0.5631067961165048,0.5631067961165048,0.4077669902912621,,,32,47,1,1,3193116,modelo_reentrenado_sin_experiencia_total_como_diferencial,1.64,2.17,1,0.4558156525472525,0.5441843474527475,0.26274079734701444,0.6747939498261345,0.3252060501738655,0.7372592026529856,Q-1R,,19,,,clay,,Rome,0,1
masters_1000,qualy,1.2789281444576766,4.585152735104276,3.367295829986474,28.0,,1.3862943611198906,3.0,,0.0,,,0.0,,,-173.0,,0.0,0.0,0,1.0,0.0,0.0,3.4904285153900982,4.65,4.090490797546012,1.7868098159509203,159.0,-0.4187116564417178,,0.5276073619631901,0.5276073619631901,0.3496932515337423,0.6,367.0,583.0,-582.0,-1.9113743427295304,-846.0,1.0,55,1.9924301646902063,19.0,0.2857142857142857,58.0,0.0,1,-0.053895244041959334,-0.08618093178858721,2026-05-04,,,Hijikata,3.367295829986474,,0.6428571428571429,0.25,28,0.2857142857142857,0.4444444444444444,0.5714285714285714,0.5714285714285714,0.39285714285714285,,,1.3862943611198906,,-0.6666666666666666,-0.3333333333333333,3,0.3333333333333333,0.0,0.3333333333333333,0.3333333333333333,0.3333333333333333,,,1,9,0.0,,,,0,,,,,,,,0,0,14,,0,0,1,0,0,5.099866427824199,0.4,-0.15950920245398773,0.03680981595092025,163,0,0.3312883435582822,0.6896551724137931,0.5276073619631901,0.5276073619631901,0.3496932515337423,0.6,0.4,373,632,101,2026-04-20,4.61512051684126,56,1,0,3.091042453358316,,-1.9523809523809523,-0.7142857142857143,21,0.38095238095238093,0.42857142857142855,0.2857142857142857,0.2857142857142857,0.19047619047619047,,,7,58,1,1,Basile,0.0,,,,0,,,,,,,,0.0,,,,0,,,,,,,,0,0,0.0,,,,0,,,,,,,,0,0,187,,0,0,0,0,0,1.6094379124341003,-4.25,-4.25,-1.75,4,0,0.75,,0.0,0.0,0.0,0.0,0.0,6,49,683,2026-04-20,6.52649485957079,902,0,0,1.0986122886681098,,-3.5,-1.5,2,0.5,,0.0,0.0,0.0,,,0,0,1,0,3193118,modelo_reentrenado_sin_experiencia_total_como_diferencial,1.21,4.19,0,0.7819047569901163,0.2180952430098837,0.7536824620487996,0.9060864309084825,0.09391356909151753,0.24631753795120037,Q-1R,9,,,,clay,,Rome,0,0
masters_1000,qualy,1.421800410060906,3.370789539667836,0.2035989552412394,7.0,0.15045045045045047,0.4519851237430572,12.0,0.18125000000000002,0.0,,,0.0,,,-5.0,,0.0,17.0,0,-1.0,0.0,0.0,0.12660562427156208,0.0,1.1330515297906603,0.1659286097691895,22.0,-0.009997316156736435,-0.2138461538461539,0.04797369833601717,0.04797369833601717,0.07085346215781002,0.0,102.0,181.0,-40.0,-0.34830669426821625,-24.0,0.0,59,0.613594548857991,72.0,0.08241758241758246,-24.0,0.0,1,-0.04346630485094505,-0.11593412613542908,2026-05-04,,,Vallejo,3.6375861597263857,,3.5405405405405403,0.9459459459459459,37,0.16216216216216217,1.0,0.7837837837837838,0.7837837837837838,0.5675675675675675,,,3.4965075614664802,,3.40625,0.9375,32,0.15625,1.0,0.78125,0.78125,0.5625,,,1,1,0.0,,,,0,,,,,,,,0,0,7,,0,17,0,0,0,5.220355825078324,2.4,1.9293478260869565,0.5054347826086957,184,1,0.2554347826086957,0.34615384615384615,0.6467391304347826,0.6467391304347826,0.4782608695652174,0.6,0.8,399,640,96,2026-04-20,4.564348191467836,51,0,2,5.056245805348308,,1.9615384615384615,0.5256410256410257,156,0.23717948717948717,0.3333333333333333,0.6538461538461539,0.6538461538461539,0.46794871794871795,,,24,26,1,1,Faria,3.4339872044851463,,1.6666666666666667,0.4666666666666667,30,0.26666666666666666,0.5384615384615384,0.6333333333333333,0.6333333333333333,0.4666666666666667,,,3.044522437723423,,1.6,0.35,20,0.3,0.5,0.6,0.6,0.45,,,10,13,0.0,,,,0,,,,,,,,0,0,12,,0,0,1,0,0,5.093750200806762,2.4,0.7962962962962963,0.3395061728395062,162,0,0.2654320987654321,0.56,0.5987654320987654,0.5987654320987654,0.4074074074074074,0.6,0.4,297,459,136,2026-04-20,4.912654885736052,75,0,0,4.442651256490317,,0.5119047619047619,0.25,84,0.27380952380952384,0.5517241379310345,0.5714285714285714,0.5714285714285714,0.38095238095238093,,,29,50,1,0,3193120,modelo_reentrenado_sin_experiencia_total_como_diferencial,1.36,2.98,0,0.7033335993743051,0.29666640062569494,0.463275627109691,0.808398944992546,0.19160105500745395,0.536724372890309,Q-1R,5,,,,clay,,Rome,0,0
