match_id,player1,player2,winner,result_date,start_raw,score,sets_player1,sets_player2,odds1_avg,odds2_avg,retired,source_url
3214361,Khachanov,Trungelliti,Khachanov,2026-05-27,"today , 11:00","Khachanov def. Trungelliti 7-6(5), 5-7, 6-1, 7-6(4)",3,1,1.26,3.88,False,https://www.tennisexplorer.com/match-detail/?id=3214361
3214367,Davidovich Fokina,Tirante,Tirante,2026-05-27,"today , 11:00","Tirante def. Davidovich Fokina 4-6, 7-6(4), 6-1, 6-3",1,3,2.15,1.7,False,https://www.tennisexplorer.com/match-detail/?id=3214367
3215537,Cina,De Jong,De Jong,2026-05-27,"today , 11:00","De Jong def. Cina 6-3, 6-1, 6-3",0,3,2.21,1.66,False,https://www.tennisexplorer.com/match-detail/?id=3215537
3216255,Ugo Carabelli,Rublev,Rublev,2026-05-27,"today , 12:30","Rublev def. Ugo Carabelli 6-1, 1-6, 6-3, 7-6(5)",1,3,3.88,1.26,False,https://www.tennisexplorer.com/match-detail/?id=3216255
3215541,Navone,Mensik,Mensik,2026-05-27,"today , 13:00","Mensik def. Navone 6-3, 2-6, 6-4, 1-6, 7-6(11)",2,3,2.01,1.79,False,https://www.tennisexplorer.com/match-detail/?id=3215541
3214583,Borges,Kecmanovic,Borges,2026-05-27,"today , 14:00","Borges def. Kecmanovic 3-6, 6-2, 6-1, 6-2",3,1,2.44,1.55,False,https://www.tennisexplorer.com/match-detail/?id=3214583
3215491,Duckworth,Jodar,Jodar,2026-05-27,"today , 14:00","Jodar def. Duckworth 6-1, 6-7(5), 6-4, 7-5",1,3,15.1,1.02,False,https://www.tennisexplorer.com/match-detail/?id=3215491
3215553,Kokkinakis,Carreno-Busta,Carreno-Busta,2026-05-27,"today , 14:00","Carreno-Busta def. Kokkinakis 7-5, 4-6, 1-0 retired",0,1,3.19,1.35,True,https://www.tennisexplorer.com/match-detail/?id=3215553
3214939,Fonseca,Prizmic,Fonseca,2026-05-27,"today , 14:30","Fonseca def. Prizmic 3-6, 4-6, 6-3, 6-1, 6-2",3,2,1.85,1.94,False,https://www.tennisexplorer.com/match-detail/?id=3214939
3215555,Humbert,Halys,Halys,2026-05-27,"today , 14:30","Halys def. Humbert 6-4, 7-6(4), 7-6(8)",0,3,1.65,2.23,False,https://www.tennisexplorer.com/match-detail/?id=3215555
3214941,Royer,Djokovic,Djokovic,2026-05-27,"today , 15:00","Djokovic def. Royer 6-3, 6-2, 6-7(7), 6-3",1,3,7.1,1.1,False,https://www.tennisexplorer.com/match-detail/?id=3214941
3215465,Basavareddy,Michelsen,Michelsen,2026-05-27,"today , 15:30","Michelsen def. Basavareddy 7-6(5), 6-3, 3-6, 6-3",1,3,2.59,1.5,False,https://www.tennisexplorer.com/match-detail/?id=3215465
3216253,Sonego,Paul,Paul,2026-05-27,"today , 16:00","Paul def. Sonego 6-3, 6-2, 6-4",0,3,5.51,1.15,False,https://www.tennisexplorer.com/match-detail/?id=3216253
3216339,Ruud,Medjedovic,Ruud,2026-05-27,"today , 16:00","Ruud def. Medjedovic 6-3, 6-2, 6-4",3,0,1.41,2.87,False,https://www.tennisexplorer.com/match-detail/?id=3216339
3214573,Machac,Zverev,Zverev,2026-05-27,"today , 20:15","Zverev def. Machac 6-4, 6-2, 6-2",0,3,5.4,1.15,False,https://www.tennisexplorer.com/match-detail/?id=3214573
3216343,Cobolli,Wu,Cobolli,2026-05-28,"tomorrow , 11:00","Cobolli def. Wu 6-4, 6-4, 6-4",3,0,1.3,3.56,false,https://www.bbc.co.uk/sport/tennis/french-open/mens-singles/scores-and-schedule/2026-05-28
3216859,Svajda,Walton,Svajda,2026-05-28,"tomorrow , 11:00","Svajda def. Walton 6-3, 6-4, 6-7(4-7), 6-2",3,1,1.8,1.99,false,https://www.bbc.co.uk/sport/tennis/french-open/mens-singles/scores-and-schedule/2026-05-28
3216863,Vallejo,Kouame,Kouame,2026-05-28,"tomorrow , 11:00","Kouame def. Vallejo 6-3, 7-5, 3-6, 2-6, 7-6(10-8)",2,3,1.29,3.64,false,https://www.bbc.co.uk/sport/tennis/french-open/mens-singles/scores-and-schedule/2026-05-28
3216867,Diaz Acosta,Tien,Tien,2026-05-28,"tomorrow , 11:00","Tien def. Diaz Acosta 7-5, 4-6, 3-6, 7-6(7-4), 6-3",2,3,3.52,1.3,false,https://www.bbc.co.uk/sport/tennis/french-open/mens-singles/scores-and-schedule/2026-05-28
3217075,Struff,Faria,Faria,2026-05-28,"tomorrow , 11:00","Faria def. Struff 7-5, 7-6(7-1), 6-2",0,3,2.46,1.54,false,https://www.bbc.co.uk/sport/tennis/french-open/mens-singles/scores-and-schedule/2026-05-28
3217109,Sinner,Cerundolo,Cerundolo,2026-05-28,"tomorrow , 12:00","Cerundolo def. Sinner 3-6, 2-6, 7-5, 6-1, 6-1",2,3,1.01,22.82,false,https://www.bbc.co.uk/sport/tennis/french-open/mens-singles/scores-and-schedule/2026-05-28
3215561,Hurkacz,Tiafoe,Tiafoe,2026-05-28,"tomorrow , 12:30","Tiafoe def. Hurkacz 6-7(5-7), 7-6(7-5), 6-4, 6-7(1-7), 6-4",2,3,1.65,2.22,false,https://www.bbc.co.uk/sport/tennis/french-open/mens-singles/scores-and-schedule/2026-05-28
3216409,Cerundolo,Gaston,Cerundolo,2026-05-28,"tomorrow , 12:30","Cerundolo def. Gaston 2-6, 6-4, 6-2, 6-1",3,1,1.09,7.37,false,https://www.bbc.co.uk/sport/tennis/french-open/mens-singles/scores-and-schedule/2026-05-28
3216991,Landaluce,Kopriva,Landaluce,2026-05-28,"tomorrow , 12:30","Landaluce def. Kopriva 1-6, 2-6, 6-4, 7-5, 6-0",3,2,2.06,1.75,false,https://www.bbc.co.uk/sport/tennis/french-open/mens-singles/scores-and-schedule/2026-05-28
3216865,Tabilo,Vacherot,Tabilo,2026-05-28,"tomorrow , 14:30",Walkover: Tabilo def. Vacherot,0,0,1.49,2.62,walkover,https://www.bbc.co.uk/sport/tennis/french-open/mens-singles/scores-and-schedule/2026-05-28
3217077,Comesana,Darderi,Comesana,2026-05-28,"tomorrow , 14:30","Comesana def. Darderi 7-6(7-5), 4-6, 6-4, 2-6, 6-4",3,2,3.33,1.33,false,https://www.bbc.co.uk/sport/tennis/french-open/mens-singles/scores-and-schedule/2026-05-28
3215557,Van Assche,Nakashima,Nakashima,2026-05-28,"tomorrow , 16:00","Nakashima def. Van Assche 6-7(5-7), 6-4, 5-7, 6-1, 6-3",2,3,2.95,1.4,false,https://www.bbc.co.uk/sport/tennis/french-open/mens-singles/scores-and-schedule/2026-05-28
3216341,Collignon,Shelton,Collignon,2026-05-28,"tomorrow , 16:00","Collignon def. Shelton 6-4, 7-5, 6-4",3,0,2.64,1.49,false,https://www.bbc.co.uk/sport/tennis/french-open/mens-singles/scores-and-schedule/2026-05-28
3216861,Arnaldi,Tsitsipas,Arnaldi,2026-05-28,"tomorrow , 16:00","Arnaldi def. Tsitsipas 7-6(7-2), 5-7, 6-3, 6-2",3,1,2.45,1.55,false,https://www.bbc.co.uk/sport/tennis/french-open/mens-singles/scores-and-schedule/2026-05-28
3217119,Auger Aliassime,Burruchaga,Auger Aliassime,2026-05-28,"tomorrow , 16:00","Auger Aliassime def. Burruchaga 4-6, 6-0, 7-5, 6-1",3,1,1.37,3.08,false,https://www.bbc.co.uk/sport/tennis/french-open/mens-singles/scores-and-schedule/2026-05-28
3215483,Rinderknech,Berrettini,Berrettini,2026-05-28,"tomorrow , 20:15","Berrettini def. Rinderknech 6-4, 6-4, 6-4",0,3,1.9,1.9,false,https://www.bbc.co.uk/sport/tennis/french-open/mens-singles/scores-and-schedule/2026-05-28
