h2h_player1_wins,h2h_player2_wins,homeaway_avg_odds1,homeaway_avg_odds2,market_odds_check,match_id,match_url,player1,player2,set_odds_handicap_player1,set_odds_handicap_player2,set_odds_player1_wins_2_0,set_odds_player1_wins_3_0,set_odds_player1_wins_set,set_odds_player2_wins_2_0,set_odds_player2_wins_3_0,set_odds_player2_wins_set,set_odds_table_player1_minus_1_5,set_odds_table_player1_plus_1_5,set_odds_table_player2_minus_1_5,set_odds_table_player2_plus_1_5,set_odds_validation,source_lines_sample,title
,,2.21,1.66,ok,3215537,https://www.tennisexplorer.com/match-detail/?id=3215537,Cina,De Jong,Cina Federico,De Jong Jesper,,5.86,1.23,,3.8,1.12,3.03,1.63,1.34,2.17,fallback_parser_order,"[""Tennis Explorer - Match detail"", ""New registration"", ""|"", ""Lost password"", ""TennisExplorer"", ""LIVE Scores"", ""27.05. 02:16,"", ""GMT+1"", ""Home page"", ""Today's matches"", ""Rankings"", ""Players"", ""LIVE Scores"", ""Results"", ""Tours calendar"", ""Tennis news"", ""Official webs"", ""Basel"", ""Vienna"", ""WTA Elite Trophy"", ""TennisExplorer"", ""on Facebook"", ""Cina - De Jong"", ""Today"", "", 11:00,"", ""French Open"", "", 2. round, clay"", ""Cina Federico"", ""De Jong Jesper"", ""238."", ""Singles ranking"", ""106."", ""30. 3. 2007"", ""Birthdate"", ""31. 5. 2000"", ""-"", ""Height"", ""180 cm"", ""-"", ""Weight"", ""70 kg"", ""right"", ""Plays"", ""right"", ""-"", ""Turned pro"", ""-"", ""Live streams"", ""TV"", ""1xBet"", "","", ""bwin"", ""HBO Max (Cze/Svk)"", ""W/L - 2026"", ""Career - Cina"", ""Career - De Jong"", ""Surface"", ""Cina Federico"", ""De Jong Jesper"", ""Indoors"", ""-"", ""0/1"", ""Clay"", ""8/7"", ""12/9"", ""Grass"", ""-"", ""-"", ""Hard"", ""9/4"", ""0/5"", ""Not set"", ""-"", ""-"", ""Year"", ""Summary"", ""Clay"", ""Hard"", ""Indoors"", ""Grass"", ""Not set"", ""Summary:"", ""82/59"", ""32/27"", ""45/27"", ""5/5"", ""-"", ""-"", ""2026"", ""17/11"", ""8/7"", ""9/4"", ""-"", ""-"", ""-"", ""2025"", ""32/21"", ""10/9"", ""17/7"", ""5/5"", ""-"", ""-"", ""2024"", ""31/23"", ""13/8"", ""18/15"", ""-"", ""-"", ""-"", ""2023"", ""1/3"", ""0/2"", ""1/1"", ""-"", ""-"", ""-"", ""2022"", ""1/1"", ""1/1"", ""-""]",Cina - De Jong
1,0,2.15,1.7,ok,3214367,https://www.tennisexplorer.com/match-detail/?id=3214367,Davidovich Fokina,Tirante,Davidovich Fokina Alejandro,Tirante Thiago Agustin,,5.54,1.21,,4.05,1.12,2.93,1.58,1.35,2.26,fallback_parser_order,"[""Tennis Explorer - Match detail"", ""New registration"", ""|"", ""Lost password"", ""TennisExplorer"", ""LIVE Scores"", ""27.05. 02:16,"", ""GMT+1"", ""Home page"", ""Today's matches"", ""Rankings"", ""Players"", ""LIVE Scores"", ""Results"", ""Tours calendar"", ""Tennis news"", ""Official webs"", ""Basel"", ""Vienna"", ""WTA Elite Trophy"", ""TennisExplorer"", ""on Facebook"", ""Davidovich Fokina - Tirante"", ""Today"", "", 11:00,"", ""French Open"", "", 2. round, clay"", ""Davidovich Fokina Alejandro"", ""Tirante Thiago Agustin"", ""23."", ""Singles ranking"", ""60."", ""5. 6. 1999"", ""Birthdate"", ""10. 4. 2001"", ""183 cm"", ""Height"", ""185 cm"", ""80 kg"", ""Weight"", ""78 kg"", ""right"", ""Plays"", ""right"", ""-"", ""Turned pro"", ""-"", ""Live streams"", ""TV"", ""1xBet"", "","", ""bwin"", ""HBO Max (Cze/Svk)"", ""W/L - 2026"", ""Career - Davidovich Fokina"", ""Career - Tirante"", ""Surface"", ""Davidovich Fokina Alejandro"", ""Tirante Thiago Agustin"", ""Indoors"", ""2/1"", ""-"", ""Clay"", ""4/3"", ""12/6"", ""Grass"", ""-"", ""-"", ""Hard"", ""7/6"", ""7/6"", ""Not set"", ""-"", ""-"", ""Year"", ""Summary"", ""Clay"", ""Hard"", ""Indoors"", ""Grass"", ""Not set"", ""Summary:"", ""328/243"", ""127/86"", ""145/96"", ""40/42"", ""15/17"", ""1/2"", ""2026"", ""13/10"", ""4/3"", ""7/6"", ""2/1"", ""-"", ""-"", ""2025"", ""45/27"", ""9/6"", ""22/14"", ""9/5"", ""5/2"", ""-"", ""2024"", ""20/22"", ""2/5"", ""13/12"", ""5/4"", ""0/1"", ""-"", ""2023"", ""32/30"", ""9/8"", ""18/11"", ""2/4"", ""2/5"", ""1/2"", ""2022"", ""21/26"", ""11/8"", ""7/9""]",Davidovich Fokina - Tirante
1,0,1.26,3.88,ok,3214361,https://www.tennisexplorer.com/match-detail/?id=3214361,Khachanov,Trungelliti,Khachanov Karen,Trungelliti Marco,,2.32,1.03,,10.51,1.52,1.52,1.12,2.39,5.58,fallback_parser_order,"[""Tennis Explorer - Match detail"", ""New registration"", ""|"", ""Lost password"", ""TennisExplorer"", ""LIVE Scores"", ""27.05. 02:16,"", ""GMT+1"", ""Home page"", ""Today's matches"", ""Rankings"", ""Players"", ""LIVE Scores"", ""Results"", ""Tours calendar"", ""Tennis news"", ""Official webs"", ""Basel"", ""Vienna"", ""WTA Elite Trophy"", ""TennisExplorer"", ""on Facebook"", ""Khachanov - Trungelliti"", ""Today"", "", 11:00,"", ""French Open"", "", 2. round, clay"", ""Khachanov Karen"", ""Trungelliti Marco"", ""15."", ""Singles ranking"", ""81."", ""21. 5. 1996"", ""Birthdate"", ""31. 1. 1990"", ""198 cm"", ""Height"", ""178 cm"", ""87 kg"", ""Weight"", ""78 kg"", ""right"", ""Plays"", ""right"", ""-"", ""Turned pro"", ""-"", ""Live streams"", ""TV"", ""1xBet"", "","", ""bwin"", ""HBO Max (Cze/Svk), Eurosport 2 (Ger), Eurosport 2 (Ned), TNT Sports 4 (Gbr), TNT Sports 5 (Gbr), TNT Sports Ultimate (Gbr), HBO Max (Gbr), TNT Sports 1 (Gbr), TNT Sports 6 (Gbr), TNT Sports 7 (Gbr)"", ""W/L - 2026"", ""Career - Khachanov"", ""Career - Trungelliti"", ""Surface"", ""Khachanov Karen"", ""Trungelliti Marco"", ""Indoors"", ""1/1"", ""-"", ""Clay"", ""6/5"", ""16/8"", ""Grass"", ""-"", ""-"", ""Hard"", ""8/7"", ""2/3"", ""Not set"", ""-"", ""-"", ""Year"", ""Summary"", ""Clay"", ""Hard"", ""Indoors"", ""Grass"", ""Not set"", ""Summary:"", ""479/326"", ""119/84"", ""189/128"", ""127/84"", ""37/23"", ""7/7"", ""2026"", ""15/13"", ""6/5"", ""8/7"", ""1/1"", ""-"", ""-"", ""2025"", ""34/24"", ""9/6"", ""13/11"", ""2/4"", ""10/3"", ""-"", ""2024"", ""37/23"", ""8/4"", ""14/13"", ""14/3"", ""1/3"", ""-"", ""2023"", ""34/18"", ""10/5"", ""18/10"", ""6/3"", ""-"", ""-"", ""2022"", ""36/25"", ""9/7"", ""17/11""]",Khachanov - Trungelliti
0,1,3.88,1.26,ok,3216255,https://www.tennisexplorer.com/match-detail/?id=3216255,Ugo Carabelli,Rublev,Ugo Carabelli Camilo,Rublev Andrey,,10.58,1.53,,2.41,1.03,5.59,2.4,1.12,1.52,fallback_parser_order,"[""Tennis Explorer - Match detail"", ""New registration"", ""|"", ""Lost password"", ""TennisExplorer"", ""LIVE Scores"", ""27.05. 02:16,"", ""GMT+1"", ""Home page"", ""Today's matches"", ""Rankings"", ""Players"", ""LIVE Scores"", ""Results"", ""Tours calendar"", ""Tennis news"", ""Official webs"", ""Basel"", ""Vienna"", ""WTA Elite Trophy"", ""TennisExplorer"", ""on Facebook"", ""Ugo Carabelli - Rublev"", ""Today"", "", 12:30,"", ""French Open"", "", 2. round, clay"", ""Ugo Carabelli Camilo"", ""Rublev Andrey"", ""59."", ""Singles ranking"", ""13."", ""17. 6. 1999"", ""Birthdate"", ""20. 10. 1997"", ""185 cm"", ""Height"", ""188 cm"", ""83 kg"", ""Weight"", ""70 kg"", ""right"", ""Plays"", ""right"", ""-"", ""Turned pro"", ""-"", ""Live streams"", ""TV"", ""1xBet"", "","", ""bwin"", ""HBO Max (Cze/Svk), Eurosport 2 (Ger), Eurosport 2 (Ned), TNT Sports 4 (Gbr), TNT Sports 5 (Gbr), TNT Sports Ultimate (Gbr), HBO Max (Gbr), TNT Sports 1 (Gbr), TNT Sports 6 (Gbr), TNT Sports 7 (Gbr)"", ""W/L - 2026"", ""Career - Ugo Carabelli"", ""Career - Rublev"", ""Surface"", ""Ugo Carabelli Camilo"", ""Rublev Andrey"", ""Indoors"", ""-"", ""-"", ""Clay"", ""16/9"", ""9/4"", ""Grass"", ""-"", ""-"", ""Hard"", ""2/5"", ""11/7"", ""Not set"", ""-"", ""-"", ""Year"", ""Summary"", ""Clay"", ""Hard"", ""Indoors"", ""Grass"", ""Not set"", ""Summary:"", ""399/249"", ""358/197"", ""39/41"", ""2/4"", ""0/7"", ""-"", ""2026"", ""18/14"", ""16/9"", ""2/5"", ""-"", ""-"", ""-"", ""2025"", ""34/32"", ""28/15"", ""5/9"", ""1/3"", ""0/5"", ""-"", ""2024"", ""58/31"", ""52/25"", ""6/5"", ""-"", ""0/1"", ""-"", ""2023"", ""41/28"", ""41/26"", ""0/2"", ""-"", ""-"", ""-"", ""2022"", ""39/24"", ""36/19"", ""3/4""]",Ugo Carabelli - Rublev
,,2.01,1.79,ok,3215541,https://www.tennisexplorer.com/match-detail/?id=3215541,Navone,Mensik,Navone Mariano,Mensik Jakub,,5.03,1.19,,4.26,1.14,2.74,1.54,1.4,2.35,fallback_parser_order,"[""Tennis Explorer - Match detail"", ""New registration"", ""|"", ""Lost password"", ""TennisExplorer"", ""LIVE Scores"", ""27.05. 02:16,"", ""GMT+1"", ""Home page"", ""Today's matches"", ""Rankings"", ""Players"", ""LIVE Scores"", ""Results"", ""Tours calendar"", ""Tennis news"", ""Official webs"", ""Basel"", ""Vienna"", ""WTA Elite Trophy"", ""TennisExplorer"", ""on Facebook"", ""Navone - Mensik"", ""Today"", "", 13:00,"", ""French Open"", "", 2. round, clay"", ""Navone Mariano"", ""Mensik Jakub"", ""38."", ""Singles ranking"", ""27."", ""27. 2. 2001"", ""Birthdate"", ""1. 9. 2005"", ""-"", ""Height"", ""-"", ""-"", ""Weight"", ""-"", ""right"", ""Plays"", ""right"", ""-"", ""Turned pro"", ""-"", ""Live streams"", ""TV"", ""1xBet"", "","", ""bwin"", ""HBO Max (Cze/Svk)"", ""W/L - 2026"", ""Career - Navone"", ""Career - Mensik"", ""Surface"", ""Navone Mariano"", ""Mensik Jakub"", ""Indoors"", ""-"", ""-"", ""Clay"", ""15/8"", ""4/3"", ""Grass"", ""-"", ""-"", ""Hard"", ""6/5"", ""15/7"", ""Not set"", ""-"", ""-"", ""Year"", ""Summary"", ""Clay"", ""Hard"", ""Indoors"", ""Grass"", ""Not set"", ""Summary:"", ""283/178"", ""262/139"", ""17/28"", ""1/4"", ""2/6"", ""1/1"", ""2026"", ""21/13"", ""15/8"", ""6/5"", ""-"", ""-"", ""-"", ""2025"", ""38/31"", ""30/16"", ""5/12"", ""-"", ""2/2"", ""1/1"", ""2024"", ""30/28"", ""27/14"", ""2/7"", ""1/4"", ""0/3"", ""-"", ""2023"", ""41/23"", ""41/21"", ""0/1"", ""-"", ""0/1"", ""-"", ""2022"", ""44/25"", ""44/24"", ""0/1""]",Navone - Mensik
,,3.19,1.35,ok,3215553,https://www.tennisexplorer.com/match-detail/?id=3215553,Kokkinakis,Carreno-Busta,Kokkinakis Thanasi,Carreno-Busta Pablo,,8.46,1.41,,2.68,1.04,4.45,2.1,1.18,1.67,fallback_parser_order,"[""Tennis Explorer - Match detail"", ""New registration"", ""|"", ""Lost password"", ""TennisExplorer"", ""LIVE Scores"", ""27.05. 02:16,"", ""GMT+1"", ""Home page"", ""Today's matches"", ""Rankings"", ""Players"", ""LIVE Scores"", ""Results"", ""Tours calendar"", ""Tennis news"", ""Official webs"", ""Basel"", ""Vienna"", ""WTA Elite Trophy"", ""TennisExplorer"", ""on Facebook"", ""Kokkinakis - Carreno-Busta"", ""Today"", "", 14:00,"", ""French Open"", "", 2. round, clay"", ""Kokkinakis Thanasi"", ""Carreno-Busta Pablo"", ""855."", ""Singles ranking"", ""89."", ""10. 4. 1996"", ""Birthdate"", ""12. 7. 1991"", ""193 cm"", ""Height"", ""188 cm"", ""84 kg"", ""Weight"", ""78 kg"", ""right"", ""Plays"", ""right"", ""-"", ""Turned pro"", ""-"", ""Live streams"", ""TV"", ""1xBet"", "","", ""bwin"", ""HBO Max (Cze/Svk)"", ""W/L - 2026"", ""Career - Kokkinakis"", ""Career - Carreno-Busta"", ""Surface"", ""Kokkinakis Thanasi"", ""Carreno-Busta Pablo"", ""Indoors"", ""-"", ""1/2"", ""Clay"", ""3/1"", ""15/5"", ""Grass"", ""-"", ""-"", ""Hard"", ""1/1"", ""7/5"", ""Not set"", ""-"", ""-"", ""Year"", ""Summary"", ""Clay"", ""Hard"", ""Indoors"", ""Grass"", ""Not set"", ""Summary:"", ""330/205"", ""82/45"", ""220/122"", ""4/8"", ""16/22"", ""8/8"", ""2026"", ""4/0"", ""3/0"", ""1/0"", ""-"", ""-"", ""-"", ""2025"", ""3/1"", ""-"", ""3/1"", ""-"", ""-"", ""-"", ""2024"", ""37/23"", ""11/6"", ""20/14"", ""0/1"", ""3/1"", ""3/1"", ""2023"", ""40/26"", ""8/5"", ""31/18"", ""-"", ""0/2"", ""1/1"", ""2022"", ""23/19"", ""2/3"", ""18/11""]",Kokkinakis - Carreno-Busta
,,15.1,1.02,ok,3215491,https://www.tennisexplorer.com/match-detail/?id=3215491,Duckworth,Jodar,Duckworth James,Jodar Rafael,,39.0,2.79,,1.37,,15.83,6.82,1.02,1.08,fallback_parser_order,"[""Tennis Explorer - Match detail"", ""New registration"", ""|"", ""Lost password"", ""TennisExplorer"", ""LIVE Scores"", ""27.05. 02:16,"", ""GMT+1"", ""Home page"", ""Today's matches"", ""Rankings"", ""Players"", ""LIVE Scores"", ""Results"", ""Tours calendar"", ""Tennis news"", ""Official webs"", ""Basel"", ""Vienna"", ""WTA Elite Trophy"", ""TennisExplorer"", ""on Facebook"", ""Duckworth - Jodar"", ""Today"", "", 14:00,"", ""French Open"", "", 2. round, clay"", ""Duckworth James"", ""Jodar Rafael"", ""82."", ""Singles ranking"", ""29."", ""21. 1. 1992"", ""Birthdate"", ""17. 9. 2006"", ""183 cm"", ""Height"", ""-"", ""82 kg"", ""Weight"", ""-"", ""right"", ""Plays"", ""right"", ""-"", ""Turned pro"", ""-"", ""Live streams"", ""TV"", ""1xBet"", "","", ""bwin"", ""HBO Max (Cze/Svk)"", ""W/L - 2026"", ""Career - Duckworth"", ""Career - Jodar"", ""Surface"", ""Duckworth James"", ""Jodar Rafael"", ""Indoors"", ""0/1"", ""2/1"", ""Clay"", ""11/3"", ""16/3"", ""Grass"", ""-"", ""-"", ""Hard"", ""5/8"", ""16/6"", ""Not set"", ""-"", ""-"", ""Year"", ""Summary"", ""Clay"", ""Hard"", ""Indoors"", ""Grass"", ""Not set"", ""Summary:"", ""558/366"", ""121/67"", ""333/213"", ""53/40"", ""51/45"", ""0/1"", ""2026"", ""16/13"", ""11/3"", ""5/8"", ""0/1"", ""-"", ""0/1"", ""2025"", ""46/34"", ""6/4"", ""29/21"", ""6/3"", ""5/6"", ""-"", ""2024"", ""42/29"", ""2/3"", ""23/14"", ""7/7"", ""10/5"", ""-"", ""2023"", ""51/28"", ""1/3"", ""43/21"", ""5/2"", ""2/2"", ""-"", ""2022"", ""24/27"", ""0/2"", ""20/18""]",Duckworth - Jodar
1,2,2.44,1.55,ok,3214583,https://www.tennisexplorer.com/match-detail/?id=3214583,Borges,Kecmanovic,Borges Nuno,Kecmanovic Miomir,,6.89,1.27,,3.49,1.09,3.46,1.75,1.27,1.98,fallback_parser_order,"[""Tennis Explorer - Match detail"", ""New registration"", ""|"", ""Lost password"", ""TennisExplorer"", ""LIVE Scores"", ""27.05. 02:16,"", ""GMT+1"", ""Home page"", ""Today's matches"", ""Rankings"", ""Players"", ""LIVE Scores"", ""Results"", ""Tours calendar"", ""Tennis news"", ""Official webs"", ""Basel"", ""Vienna"", ""WTA Elite Trophy"", ""TennisExplorer"", ""on Facebook"", ""Borges - Kecmanovic"", ""Today"", "", 14:00,"", ""French Open"", "", 2. round, clay"", ""Borges Nuno"", ""Kecmanovic Miomir"", ""51."", ""Singles ranking"", ""48."", ""19. 2. 1997"", ""Birthdate"", ""31. 8. 1999"", ""185 cm"", ""Height"", ""183 cm"", ""75 kg"", ""Weight"", ""75 kg"", ""right"", ""Plays"", ""right"", ""-"", ""Turned pro"", ""-"", ""Live streams"", ""TV"", ""1xBet"", "","", ""bwin"", ""HBO Max (Cze/Svk)"", ""W/L - 2026"", ""Career - Borges"", ""Career - Kecmanovic"", ""Surface"", ""Borges Nuno"", ""Kecmanovic Miomir"", ""Indoors"", ""-"", ""2/2"", ""Clay"", ""5/6"", ""7/4"", ""Grass"", ""-"", ""-"", ""Hard"", ""7/8"", ""6/8"", ""Not set"", ""-"", ""-"", ""Year"", ""Summary"", ""Clay"", ""Hard"", ""Indoors"", ""Grass"", ""Not set"", ""Summary:"", ""356/197"", ""139/72"", ""182/86"", ""20/18"", ""10/14"", ""5/7"", ""2026"", ""12/16"", ""5/6"", ""7/8"", ""-"", ""-"", ""0/2"", ""2025"", ""33/33"", ""8/8"", ""17/14"", ""3/4"", ""4/4"", ""1/3"", ""2024"", ""34/26"", ""14/7"", ""20/12"", ""0/3"", ""0/3"", ""0/1"", ""2023"", ""38/26"", ""8/6"", ""20/11"", ""5/4"", ""3/4"", ""2/1"", ""2022"", ""49/26"", ""27/13"", ""7/5""]",Borges - Kecmanovic
1,1,1.65,2.23,ok,3215555,https://www.tennisexplorer.com/match-detail/?id=3215555,Humbert,Halys,Humbert Ugo,Halys Quentin,,3.94,1.1,,5.99,1.21,2.2,1.33,1.61,3.06,fallback_parser_order,"[""Tennis Explorer - Match detail"", ""New registration"", ""|"", ""Lost password"", ""TennisExplorer"", ""LIVE Scores"", ""27.05. 02:16,"", ""GMT+1"", ""Home page"", ""Today's matches"", ""Rankings"", ""Players"", ""LIVE Scores"", ""Results"", ""Tours calendar"", ""Tennis news"", ""Official webs"", ""Basel"", ""Vienna"", ""WTA Elite Trophy"", ""TennisExplorer"", ""on Facebook"", ""Humbert - Halys"", ""Today"", "", 14:30,"", ""French Open"", "", 2. round, clay"", ""Humbert Ugo"", ""Halys Quentin"", ""32."", ""Singles ranking"", ""90."", ""26. 6. 1998"", ""Birthdate"", ""26. 10. 1996"", ""188 cm"", ""Height"", ""191 cm"", ""73 kg"", ""Weight"", ""78 kg"", ""left"", ""Plays"", ""right"", ""-"", ""Turned pro"", ""-"", ""Live streams"", ""TV"", ""1xBet"", "","", ""bwin"", ""HBO Max (Cze/Svk), Eurosport 2 (Ger), Eurosport 2 (Ned), TNT Sports 4 (Gbr), TNT Sports 5 (Gbr), TNT Sports Ultimate (Gbr), HBO Max (Gbr), TNT Sports 1 (Gbr), TNT Sports 6 (Gbr), TNT Sports 7 (Gbr)"", ""W/L - 2026"", ""Career - Humbert"", ""Career - Halys"", ""Surface"", ""Humbert Ugo"", ""Halys Quentin"", ""Indoors"", ""4/2"", ""1/2"", ""Clay"", ""5/4"", ""5/5"", ""Grass"", ""-"", ""-"", ""Hard"", ""7/9"", ""15/9"", ""Not set"", ""-"", ""-"", ""Year"", ""Summary"", ""Clay"", ""Hard"", ""Indoors"", ""Grass"", ""Not set"", ""Summary:"", ""392/260"", ""55/61"", ""165/100"", ""135/72"", ""31/25"", ""6/2"", ""2026"", ""16/15"", ""5/4"", ""7/9"", ""4/2"", ""-"", ""-"", ""2025"", ""28/23"", ""2/5"", ""10/11"", ""11/3"", ""4/4"", ""1/0"", ""2024"", ""41/26"", ""5/7"", ""20/11"", ""10/3"", ""5/4"", ""1/1"", ""2023"", ""49/26"", ""13/5"", ""17/11"", ""12/5"", ""3/4"", ""4/1"", ""2022"", ""33/29"", ""3/7"", ""16/11""]",Humbert - Halys
,,1.85,1.94,ok,3214939,https://www.tennisexplorer.com/match-detail/?id=3214939,Fonseca,Prizmic,Fonseca Joao,Prizmic Dino,,4.55,1.15,,4.82,1.18,2.49,1.44,1.49,2.62,fallback_parser_order,"[""Tennis Explorer - Match detail"", ""New registration"", ""|"", ""Lost password"", ""TennisExplorer"", ""LIVE Scores"", ""27.05. 02:17,"", ""GMT+1"", ""Home page"", ""Today's matches"", ""Rankings"", ""Players"", ""LIVE Scores"", ""Results"", ""Tours calendar"", ""Tennis news"", ""Official webs"", ""Basel"", ""Vienna"", ""WTA Elite Trophy"", ""TennisExplorer"", ""on Facebook"", ""Fonseca - Prizmic"", ""Today"", "", 14:30,"", ""French Open"", "", 2. round, clay"", ""Fonseca Joao"", ""Prizmic Dino"", ""30."", ""Singles ranking"", ""72."", ""21. 8. 2006"", ""Birthdate"", ""5. 8. 2005"", ""185 cm"", ""Height"", ""-"", ""73 kg"", ""Weight"", ""-"", ""right"", ""Plays"", ""right"", ""-"", ""Turned pro"", ""-"", ""Live streams"", ""TV"", ""1xBet"", "","", ""bwin"", ""HBO Max (Cze/Svk)"", ""W/L - 2026"", ""Career - Fonseca"", ""Career - Prizmic"", ""Surface"", ""Fonseca Joao"", ""Prizmic Dino"", ""Indoors"", ""-"", ""-"", ""Clay"", ""8/6"", ""20/6"", ""Grass"", ""-"", ""-"", ""Hard"", ""4/3"", ""5/3"", ""Not set"", ""-"", ""-"", ""Year"", ""Summary"", ""Clay"", ""Hard"", ""Indoors"", ""Grass"", ""Not set"", ""Summary:"", ""103/61"", ""44/31"", ""33/14"", ""17/7"", ""5/7"", ""4/2"", ""2026"", ""11/9"", ""7/6"", ""4/3"", ""-"", ""-"", ""-"", ""2025"", ""39/18"", ""8/5"", ""20/6"", ""6/3"", ""3/3"", ""2/1"", ""2024"", ""37/23"", ""14/11"", ""8/3"", ""11/4"", ""2/4"", ""2/1"", ""2023"", ""11/6"", ""10/5"", ""1/1"", ""-"", ""-"", ""-"", ""2022"", ""5/4"", ""5/4"", ""-""]",Fonseca - Prizmic
,,7.1,1.1,ok,3214941,https://www.tennisexplorer.com/match-detail/?id=3214941,Royer,Djokovic,Royer Valentin,Djokovic Novak,,19.86,1.93,,1.77,,10.37,3.85,1.03,1.23,fallback_parser_order,"[""Tennis Explorer - Match detail"", ""New registration"", ""|"", ""Lost password"", ""TennisExplorer"", ""LIVE Scores"", ""27.05. 02:17,"", ""GMT+1"", ""Home page"", ""Today's matches"", ""Rankings"", ""Players"", ""LIVE Scores"", ""Results"", ""Tours calendar"", ""Tennis news"", ""Official webs"", ""Basel"", ""Vienna"", ""WTA Elite Trophy"", ""TennisExplorer"", ""on Facebook"", ""Royer - Djokovic"", ""Today"", "", 15:00,"", ""French Open"", "", 2. round, clay"", ""Royer Valentin"", ""Djokovic Novak"", ""74."", ""Singles ranking"", ""4."", ""29. 5. 2001"", ""Birthdate"", ""22. 5. 1987"", ""188 cm"", ""Height"", ""187 cm"", ""83 kg"", ""Weight"", ""80 kg"", ""right"", ""Plays"", ""right"", ""-"", ""Turned pro"", ""2003"", ""Live streams"", ""TV"", ""1xBet"", "","", ""bwin"", ""HBO Max (Cze/Svk), Eurosport 2 (Ger), Eurosport 2 (Ned), TNT Sports 4 (Gbr), TNT Sports 5 (Gbr), TNT Sports Ultimate (Gbr), HBO Max (Gbr), TNT Sports 1 (Gbr), TNT Sports 6 (Gbr), TNT Sports 7 (Gbr)"", ""W/L - 2026"", ""Career - Royer"", ""Career - Djokovic"", ""Surface"", ""Royer Valentin"", ""Djokovic Novak"", ""Indoors"", ""0/2"", ""-"", ""Clay"", ""9/7"", ""1/1"", ""Grass"", ""-"", ""-"", ""Hard"", ""2/8"", ""8/2"", ""Not set"", ""-"", ""-"", ""Year"", ""Summary"", ""Clay"", ""Hard"", ""Indoors"", ""Grass"", ""Not set"", ""Summary:"", ""289/171"", ""145/68"", ""72/43"", ""68/57"", ""4/3"", ""-"", ""2026"", ""11/17"", ""9/7"", ""2/8"", ""0/2"", ""-"", ""-"", ""2025"", ""63/33"", ""31/11"", ""16/8"", ""12/12"", ""4/2"", ""-"", ""2024"", ""53/30"", ""33/13"", ""6/5"", ""14/11"", ""0/1"", ""-"", ""2023"", ""52/24"", ""22/10"", ""24/7"", ""6/7"", ""-"", ""-"", ""2022"", ""51/25"", ""30/15"", ""8/4""]",Royer - Djokovic
2,2,2.59,1.5,ok,3215465,https://www.tennisexplorer.com/match-detail/?id=3215465,Basavareddy,Michelsen,Basavareddy Nishesh,Michelsen Alex,,6.84,1.3,,3.15,1.08,3.63,1.82,1.25,1.89,fallback_parser_order,"[""Tennis Explorer - Match detail"", ""New registration"", ""|"", ""Lost password"", ""TennisExplorer"", ""LIVE Scores"", ""27.05. 02:17,"", ""GMT+1"", ""Home page"", ""Today's matches"", ""Rankings"", ""Players"", ""LIVE Scores"", ""Results"", ""Tours calendar"", ""Tennis news"", ""Official webs"", ""Basel"", ""Vienna"", ""WTA Elite Trophy"", ""TennisExplorer"", ""on Facebook"", ""Basavareddy - Michelsen"", ""Today"", "", 15:30,"", ""French Open"", "", 2. round, clay"", ""Basavareddy Nishesh"", ""Michelsen Alex"", ""148."", ""Singles ranking"", ""42."", ""2. 5. 2005"", ""Birthdate"", ""25. 8. 2004"", ""-"", ""Height"", ""-"", ""-"", ""Weight"", ""-"", ""right"", ""Plays"", ""right"", ""-"", ""Turned pro"", ""-"", ""Live streams"", ""TV"", ""1xBet"", "","", ""bwin"", ""HBO Max (Cze/Svk)"", ""W/L - 2026"", ""Career - Basavareddy"", ""Career - Michelsen"", ""Surface"", ""Basavareddy Nishesh"", ""Michelsen Alex"", ""Indoors"", ""4/1"", ""1/1"", ""Clay"", ""13/5"", ""5/6"", ""Grass"", ""-"", ""-"", ""Hard"", ""5/3"", ""11/6"", ""Not set"", ""-"", ""-"", ""Year"", ""Summary"", ""Clay"", ""Hard"", ""Indoors"", ""Grass"", ""Not set"", ""Summary:"", ""113/66"", ""17/14"", ""71/36"", ""23/13"", ""2/3"", ""-"", ""2026"", ""22/9"", ""13/5"", ""5/3"", ""4/1"", ""-"", ""-"", ""2025"", ""28/27"", ""3/7"", ""21/15"", ""2/2"", ""2/3"", ""-"", ""2024"", ""49/18"", ""-"", ""34/11"", ""15/7"", ""-"", ""-"", ""2023"", ""12/6"", ""-"", ""10/4"", ""2/2"", ""-"", ""-"", ""2022"", ""2/5"", ""1/2"", ""1/2""]",Basavareddy - Michelsen
1,0,1.41,2.87,ok,3216339,https://www.tennisexplorer.com/match-detail/?id=3216339,Ruud,Medjedovic,Ruud Casper,Medjedovic Hamad,,2.91,1.06,,7.89,1.36,1.77,1.21,1.95,4.06,fallback_parser_order,"[""Tennis Explorer - Match detail"", ""New registration"", ""|"", ""Lost password"", ""TennisExplorer"", ""LIVE Scores"", ""27.05. 02:17,"", ""GMT+1"", ""Home page"", ""Today's matches"", ""Rankings"", ""Players"", ""LIVE Scores"", ""Results"", ""Tours calendar"", ""Tennis news"", ""Official webs"", ""Basel"", ""Vienna"", ""WTA Elite Trophy"", ""TennisExplorer"", ""on Facebook"", ""Ruud - Medjedovic"", ""Today"", "", 16:00,"", ""French Open"", "", 2. round, clay"", ""Ruud Casper"", ""Medjedovic Hamad"", ""16."", ""Singles ranking"", ""58."", ""22. 12. 1998"", ""Birthdate"", ""18. 7. 2003"", ""183 cm"", ""Height"", ""-"", ""77 kg"", ""Weight"", ""-"", ""right"", ""Plays"", ""right"", ""-"", ""Turned pro"", ""-"", ""Live streams"", ""TV"", ""1xBet"", "","", ""bwin"", ""HBO Max (Cze/Svk), Eurosport 2 (Ger), Eurosport 2 (Ned), TNT Sports 4 (Gbr), TNT Sports 5 (Gbr), TNT Sports Ultimate (Gbr), HBO Max (Gbr), TNT Sports 1 (Gbr), TNT Sports 6 (Gbr), TNT Sports 7 (Gbr)"", ""W/L - 2026"", ""Career - Ruud"", ""Career - Medjedovic"", ""Surface"", ""Ruud Casper"", ""Medjedovic Hamad"", ""Indoors"", ""-"", ""2/3"", ""Clay"", ""14/4"", ""14/3"", ""Grass"", ""-"", ""-"", ""Hard"", ""9/7"", ""4/2"", ""Not set"", ""-"", ""-"", ""Year"", ""Summary"", ""Clay"", ""Hard"", ""Indoors"", ""Grass"", ""Not set"", ""Summary:"", ""483/263"", ""267/117"", ""130/87"", ""61/45"", ""6/9"", ""19/5"", ""2026"", ""23/11"", ""14/4"", ""9/7"", ""-"", ""-"", ""-"", ""2025"", ""42/17"", ""14/5"", ""15/9"", ""11/3"", ""-"", ""2/0"", ""2024"", ""54/27"", ""24/7"", ""21/10"", ""6/8"", ""1/1"", ""2/1"", ""2023"", ""39/23"", ""22/8"", ""12/12"", ""4/2"", ""1/1"", ""-"", ""2022"", ""53/24"", ""25/7"", ""19/9""]",Ruud - Medjedovic
1,3,5.51,1.15,ok,3216253,https://www.tennisexplorer.com/match-detail/?id=3216253,Sonego,Paul,Sonego Lorenzo,Paul Tommy,,14.6,1.77,,1.9,1.01,7.84,3.18,1.06,1.31,fallback_parser_order,"[""Tennis Explorer - Match detail"", ""New registration"", ""|"", ""Lost password"", ""TennisExplorer"", ""LIVE Scores"", ""27.05. 02:17,"", ""GMT+1"", ""Home page"", ""Today's matches"", ""Rankings"", ""Players"", ""LIVE Scores"", ""Results"", ""Tours calendar"", ""Tennis news"", ""Official webs"", ""Basel"", ""Vienna"", ""WTA Elite Trophy"", ""TennisExplorer"", ""on Facebook"", ""Sonego - Paul"", ""Today"", "", 16:00,"", ""French Open"", "", 2. round, clay"", ""Sonego Lorenzo"", ""Paul Tommy"", ""70."", ""Singles ranking"", ""21."", ""11. 5. 1995"", ""Birthdate"", ""17. 5. 1997"", ""191 cm"", ""Height"", ""185 cm"", ""76 kg"", ""Weight"", ""82 kg"", ""right"", ""Plays"", ""right"", ""-"", ""Turned pro"", ""-"", ""Live streams"", ""TV"", ""1xBet"", "","", ""bwin"", ""HBO Max (Cze/Svk)"", ""W/L - 2026"", ""Career - Sonego"", ""Career - Paul"", ""Surface"", ""Sonego Lorenzo"", ""Paul Tommy"", ""Indoors"", ""-"", ""1/1"", ""Clay"", ""2/5"", ""10/3"", ""Grass"", ""-"", ""-"", ""Hard"", ""2/2"", ""13/6"", ""Not set"", ""-"", ""-"", ""Year"", ""Summary"", ""Clay"", ""Hard"", ""Indoors"", ""Grass"", ""Not set"", ""Summary:"", ""433/328"", ""232/148"", ""87/94"", ""80/59"", ""28/24"", ""6/3"", ""2026"", ""4/7"", ""2/5"", ""2/2"", ""-"", ""-"", ""-"", ""2025"", ""25/29"", ""1/5"", ""11/14"", ""8/6"", ""5/4"", ""-"", ""2024"", ""27/33"", ""10/11"", ""10/14"", ""4/5"", ""3/3"", ""-"", ""2023"", ""30/31"", ""9/7"", ""10/12"", ""7/7"", ""2/4"", ""2/1"", ""2022"", ""30/29"", ""8/11"", ""7/9""]",Sonego - Paul
0,1,5.4,1.15,ok,3214573,https://www.tennisexplorer.com/match-detail/?id=3214573,Machac,Zverev,Machac Tomas,Zverev Alexander,,14.67,1.7,,1.99,1.01,7.85,2.99,1.06,1.35,fallback_parser_order,"[""Tennis Explorer - Match detail"", ""New registration"", ""|"", ""Lost password"", ""TennisExplorer"", ""LIVE Scores"", ""27.05. 02:17,"", ""GMT+1"", ""Home page"", ""Today's matches"", ""Rankings"", ""Players"", ""LIVE Scores"", ""Results"", ""Tours calendar"", ""Tennis news"", ""Official webs"", ""Basel"", ""Vienna"", ""WTA Elite Trophy"", ""TennisExplorer"", ""on Facebook"", ""Machac - Zverev"", ""Today"", "", 20:15,"", ""French Open"", "", 2. round, clay"", ""Machac Tomas"", ""Zverev Alexander"", ""43."", ""Singles ranking"", ""3."", ""13. 10. 2000"", ""Birthdate"", ""20. 4. 1997"", ""183 cm"", ""Height"", ""198 cm"", ""73 kg"", ""Weight"", ""90 kg"", ""right"", ""Plays"", ""right"", ""-"", ""Turned pro"", ""-"", ""Live streams"", ""TV"", ""1xBet"", "","", ""bwin"", ""HBO Max (Cze/Svk), Eurosport 2 (Ger), Eurosport 2 (Ned), TNT Sports 4 (Gbr), TNT Sports 5 (Gbr), TNT Sports Ultimate (Gbr), HBO Max (Gbr), TNT Sports 1 (Gbr), TNT Sports 6 (Gbr), TNT Sports 7 (Gbr)"", ""W/L - 2026"", ""Career - Machac"", ""Career - Zverev"", ""Surface"", ""Machac Tomas"", ""Zverev Alexander"", ""Indoors"", ""0/1"", ""-"", ""Clay"", ""7/5"", ""14/4"", ""Grass"", ""-"", ""-"", ""Hard"", ""8/4"", ""15/5"", ""Not set"", ""-"", ""-"", ""Year"", ""Summary"", ""Clay"", ""Hard"", ""Indoors"", ""Grass"", ""Not set"", ""Summary:"", ""309/172"", ""91/58"", ""96/48"", ""105/55"", ""9/8"", ""8/3"", ""2026"", ""14/9"", ""6/4"", ""8/4"", ""0/1"", ""-"", ""-"", ""2025"", ""24/21"", ""2/5"", ""16/11"", ""2/3"", ""3/2"", ""1/0"", ""2024"", ""37/24"", ""9/5"", ""22/11"", ""5/4"", ""1/2"", ""0/2"", ""2023"", ""52/27"", ""15/11"", ""15/10"", ""15/5"", ""3/1"", ""4/0"", ""2022"", ""47/19"", ""5/1"", ""24/6""]",Machac - Zverev
,,1.38,2.77,ok,3217119,https://www.tennisexplorer.com/match-detail/?id=3217119,Auger Aliassime,Burruchaga,Auger Aliassime Felix,Burruchaga Roman Andres,,2.94,1.05,,9.73,1.36,1.73,1.19,2.0,4.22,fallback_parser_order,"[""Tennis Explorer - Match detail"", ""New registration"", ""|"", ""Lost password"", ""TennisExplorer"", ""LIVE Scores"", ""27.05. 02:17,"", ""GMT+1"", ""Home page"", ""Today's matches"", ""Rankings"", ""Players"", ""LIVE Scores"", ""Results"", ""Tours calendar"", ""Tennis news"", ""Official webs"", ""Basel"", ""Vienna"", ""WTA Elite Trophy"", ""TennisExplorer"", ""on Facebook"", ""Auger Aliassime - Burruchaga"", ""28.05.2026"", "", 11:00,"", ""French Open"", "", 2. round, clay"", ""Auger Aliassime Felix"", ""Burruchaga Roman Andres"", ""6."", ""Singles ranking"", ""68."", ""8. 8. 2000"", ""Birthdate"", ""23. 1. 2002"", ""193 cm"", ""Height"", ""-"", ""88 kg"", ""Weight"", ""-"", ""right"", ""Plays"", ""right"", ""-"", ""Turned pro"", ""-"", ""Live streams"", ""TV"", ""bwin"", "","", ""1xBet"", ""HBO Max (Cze/Svk)"", ""W/L - 2026"", ""Career - Auger Aliassime"", ""Career - Burruchaga"", ""Surface"", ""Auger Aliassime Felix"", ""Burruchaga Roman Andres"", ""Indoors"", ""8/1"", ""-"", ""Clay"", ""5/4"", ""19/9"", ""Grass"", ""-"", ""-"", ""Hard"", ""9/5"", ""2/4"", ""Not set"", ""-"", ""-"", ""Year"", ""Summary"", ""Clay"", ""Hard"", ""Indoors"", ""Grass"", ""Not set"", ""Summary:"", ""421/245"", ""131/75"", ""141/100"", ""108/46"", ""32/21"", ""9/3"", ""2026"", ""22/10"", ""5/4"", ""9/5"", ""8/1"", ""-"", ""-"", ""2025"", ""52/26"", ""3/6"", ""24/10"", ""19/6"", ""6/4"", ""-"", ""2024"", ""34/25"", ""17/8"", ""6/10"", ""6/5"", ""2/2"", ""3/0"", ""2023"", ""24/20"", ""1/3"", ""13/13"", ""9/2"", ""1/2"", ""-"", ""2022"", ""64/28"", ""11/7"", ""14/9""]",Auger Aliassime - Burruchaga
1,0,1.01,19.83,ok,3217109,https://www.tennisexplorer.com/match-detail/?id=3217109,Sinner,Cerundolo,Sinner Jannik,Cerundolo Juan Manuel,,1.28,,,70.67,3.18,1.05,,8.87,,fallback_parser_order,"[""Tennis Explorer - Match detail"", ""New registration"", ""|"", ""Lost password"", ""TennisExplorer"", ""LIVE Scores"", ""27.05. 02:17,"", ""GMT+1"", ""Home page"", ""Today's matches"", ""Rankings"", ""Players"", ""LIVE Scores"", ""Results"", ""Tours calendar"", ""Tennis news"", ""Official webs"", ""Basel"", ""Vienna"", ""WTA Elite Trophy"", ""TennisExplorer"", ""on Facebook"", ""Sinner - Cerundolo"", ""28.05.2026"", "", 11:00,"", ""French Open"", "", 2. round, clay"", ""Sinner Jannik"", ""Cerundolo Juan Manuel"", ""1."", ""Singles ranking"", ""56."", ""16. 8. 2001"", ""Birthdate"", ""15. 11. 2001"", ""188 cm"", ""Height"", ""183 cm"", ""76 kg"", ""Weight"", ""68 kg"", ""right"", ""Plays"", ""left"", ""-"", ""Turned pro"", ""-"", ""Live streams"", ""TV"", ""bwin"", "","", ""1xBet"", ""HBO Max (Cze/Svk)"", ""W/L - 2026"", ""Career - Sinner"", ""Career - Cerundolo"", ""Surface"", ""Sinner Jannik"", ""Cerundolo Juan Manuel"", ""Indoors"", ""0/1"", ""-"", ""Clay"", ""18/0"", ""18/10"", ""Grass"", ""-"", ""-"", ""Hard"", ""19/2"", ""2/3"", ""Not set"", ""-"", ""-"", ""Year"", ""Summary"", ""Clay"", ""Hard"", ""Indoors"", ""Grass"", ""Not set"", ""Summary:"", ""457/137"", ""119/45"", ""183/51"", ""111/27"", ""32/13"", ""12/1"", ""2026"", ""37/3"", ""18/0"", ""19/2"", ""0/1"", ""-"", ""-"", ""2025"", ""61/6"", ""11/2"", ""24/3"", ""18/0"", ""8/1"", ""-"", ""2024"", ""78/6"", ""11/2"", ""42/3"", ""13/0"", ""9/1"", ""3/0"", ""2023"", ""64/15"", ""8/3"", ""28/7"", ""17/2"", ""8/3"", ""3/0"", ""2022"", ""47/16"", ""15/4"", ""21/6""]",Sinner - Cerundolo
2,0,3.07,1.34,ok,3217077,https://www.tennisexplorer.com/match-detail/?id=3217077,Comesana,Darderi,Comesana Francisco,Darderi Luciano,,9.57,1.36,,2.93,1.05,4.47,2.01,1.17,1.73,fallback_parser_order,"[""Tennis Explorer - Match detail"", ""New registration"", ""|"", ""Lost password"", ""TennisExplorer"", ""LIVE Scores"", ""27.05. 02:17,"", ""GMT+1"", ""Home page"", ""Today's matches"", ""Rankings"", ""Players"", ""LIVE Scores"", ""Results"", ""Tours calendar"", ""Tennis news"", ""Official webs"", ""Basel"", ""Vienna"", ""WTA Elite Trophy"", ""TennisExplorer"", ""on Facebook"", ""Comesana - Darderi"", ""28.05.2026"", "", 11:00,"", ""French Open"", "", 2. round, clay"", ""Comesana Francisco"", ""Darderi Luciano"", ""102."", ""Singles ranking"", ""17."", ""6. 10. 2000"", ""Birthdate"", ""14. 2. 2002"", ""-"", ""Height"", ""-"", ""-"", ""Weight"", ""-"", ""right"", ""Plays"", ""right"", ""-"", ""Turned pro"", ""-"", ""Live streams"", ""TV"", ""bwin"", "","", ""1xBet"", ""HBO Max (Cze/Svk)"", ""W/L - 2026"", ""Career - Comesana"", ""Career - Darderi"", ""Surface"", ""Comesana Francisco"", ""Darderi Luciano"", ""Indoors"", ""-"", ""-"", ""Clay"", ""10/11"", ""18/8"", ""Grass"", ""-"", ""-"", ""Hard"", ""2/5"", ""4/4"", ""Not set"", ""-"", ""-"", ""Year"", ""Summary"", ""Clay"", ""Hard"", ""Indoors"", ""Grass"", ""Not set"", ""Summary:"", ""313/203"", ""277/154"", ""26/40"", ""8/4"", ""2/4"", ""0/1"", ""2026"", ""12/16"", ""10/11"", ""2/5"", ""-"", ""-"", ""-"", ""2025"", ""31/29"", ""19/14"", ""9/9"", ""3/3"", ""0/2"", ""0/1"", ""2024"", ""41/28"", ""31/21"", ""3/5"", ""5/0"", ""2/2"", ""-"", ""2023"", ""59/25"", ""57/23"", ""2/2"", ""-"", ""-"", ""-"", ""2022"", ""30/18"", ""28/16"", ""2/2""]",Comesana - Darderi
,,2.15,1.56,ok,3217075,https://www.tennisexplorer.com/match-detail/?id=3217075,Struff,Faria,Struff Jan-Lennard,Faria Jaime,,6.17,1.25,,3.74,1.1,3.24,1.66,1.3,2.11,fallback_parser_order,"[""Tennis Explorer - Match detail"", ""New registration"", ""|"", ""Lost password"", ""TennisExplorer"", ""LIVE Scores"", ""27.05. 02:17,"", ""GMT+1"", ""Home page"", ""Today's matches"", ""Rankings"", ""Players"", ""LIVE Scores"", ""Results"", ""Tours calendar"", ""Tennis news"", ""Official webs"", ""Basel"", ""Vienna"", ""WTA Elite Trophy"", ""TennisExplorer"", ""on Facebook"", ""Struff - Faria"", ""28.05.2026"", "", 11:00,"", ""French Open"", "", 2. round, clay"", ""Struff Jan-Lennard"", ""Faria Jaime"", ""80."", ""Singles ranking"", ""115."", ""25. 4. 1990"", ""Birthdate"", ""6. 8. 2003"", ""193 cm"", ""Height"", ""-"", ""92 kg"", ""Weight"", ""-"", ""right"", ""Plays"", ""right"", ""-"", ""Turned pro"", ""-"", ""Live streams"", ""TV"", ""bwin"", "","", ""1xBet"", ""HBO Max (Cze/Svk)"", ""W/L - 2026"", ""Career - Struff"", ""Career - Faria"", ""Surface"", ""Struff Jan-Lennard"", ""Faria Jaime"", ""Indoors"", ""1/1"", ""2/1"", ""Clay"", ""3/5"", ""26/11"", ""Grass"", ""-"", ""-"", ""Hard"", ""4/8"", ""5/2"", ""Not set"", ""-"", ""-"", ""Year"", ""Summary"", ""Clay"", ""Hard"", ""Indoors"", ""Grass"", ""Not set"", ""Summary:"", ""695/507"", ""349/200"", ""109/123"", ""187/132"", ""33/40"", ""17/12"", ""2026"", ""9/14"", ""3/5"", ""4/8"", ""1/1"", ""-"", ""1/0"", ""2025"", ""27/31"", ""5/9"", ""7/11"", ""11/6"", ""3/3"", ""1/2"", ""2024"", ""31/23"", ""15/5"", ""5/10"", ""3/4"", ""6/2"", ""2/2"", ""2023"", ""45/24"", ""14/7"", ""21/9"", ""5/6"", ""5/2"", ""-"", ""2022"", ""29/22"", ""13/3"", ""3/10""]",Struff - Faria
0,1,1.93,1.78,ok,3216991,https://www.tennisexplorer.com/match-detail/?id=3216991,Landaluce,Kopriva,Landaluce Martin,Kopriva Vit,,4.96,1.17,,4.83,1.15,2.6,1.48,1.44,2.51,fallback_parser_order,"[""Tennis Explorer - Match detail"", ""New registration"", ""|"", ""Lost password"", ""TennisExplorer"", ""LIVE Scores"", ""27.05. 02:17,"", ""GMT+1"", ""Home page"", ""Today's matches"", ""Rankings"", ""Players"", ""LIVE Scores"", ""Results"", ""Tours calendar"", ""Tennis news"", ""Official webs"", ""Basel"", ""Vienna"", ""WTA Elite Trophy"", ""TennisExplorer"", ""on Facebook"", ""Landaluce - Kopriva"", ""28.05.2026"", "", 11:00,"", ""French Open"", "", 2. round, clay"", ""Landaluce Martin"", ""Kopriva Vit"", ""69."", ""Singles ranking"", ""66."", ""8. 1. 2006"", ""Birthdate"", ""15. 6. 1997"", ""-"", ""Height"", ""178 cm"", ""-"", ""Weight"", ""69 kg"", ""right"", ""Plays"", ""right"", ""-"", ""Turned pro"", ""-"", ""Live streams"", ""TV"", ""bwin"", "","", ""1xBet"", ""HBO Max (Cze/Svk)"", ""W/L - 2026"", ""Career - Landaluce"", ""Career - Kopriva"", ""Surface"", ""Landaluce Martin"", ""Kopriva Vit"", ""Indoors"", ""2/4"", ""-"", ""Clay"", ""9/6"", ""13/10"", ""Grass"", ""-"", ""-"", ""Hard"", ""10/5"", ""6/5"", ""Not set"", ""-"", ""-"", ""Year"", ""Summary"", ""Clay"", ""Hard"", ""Indoors"", ""Grass"", ""Not set"", ""Summary:"", ""126/100"", ""42/43"", ""62/36"", ""14/16"", ""8/4"", ""0/1"", ""2026"", ""21/15"", ""9/6"", ""10/5"", ""2/4"", ""-"", ""-"", ""2025"", ""37/32"", ""6/10"", ""18/11"", ""5/6"", ""8/4"", ""0/1"", ""2024"", ""42/24"", ""12/10"", ""23/9"", ""7/5"", ""-"", ""-"", ""2023"", ""26/27"", ""15/17"", ""11/10"", ""-"", ""-"", ""-"", ""2022"", ""0/2"", ""-"", ""0/1""]",Landaluce - Kopriva
,,3.18,1.35,ok,3216867,https://www.tennisexplorer.com/match-detail/?id=3216867,Diaz Acosta,Tien,Diaz Acosta Facundo,Tien Learner,,9.0,1.41,,2.69,1.04,4.53,2.11,1.17,1.66,fallback_parser_order,"[""Tennis Explorer - Match detail"", ""New registration"", ""|"", ""Lost password"", ""TennisExplorer"", ""LIVE Scores"", ""27.05. 02:17,"", ""GMT+1"", ""Home page"", ""Today's matches"", ""Rankings"", ""Players"", ""LIVE Scores"", ""Results"", ""Tours calendar"", ""Tennis news"", ""Official webs"", ""Basel"", ""Vienna"", ""WTA Elite Trophy"", ""TennisExplorer"", ""on Facebook"", ""Diaz Acosta - Tien"", ""28.05.2026"", "", 11:00,"", ""French Open"", "", 2. round, clay"", ""Diaz Acosta Facundo"", ""Tien Learner"", ""151."", ""Singles ranking"", ""18."", ""15. 12. 2000"", ""Birthdate"", ""2. 12. 2005"", ""183 cm"", ""Height"", ""-"", ""73 kg"", ""Weight"", ""-"", ""left"", ""Plays"", ""left"", ""-"", ""Turned pro"", ""-"", ""Live streams"", ""TV"", ""bwin"", "","", ""1xBet"", ""HBO Max (Cze/Svk)"", ""W/L - 2026"", ""Career - Diaz Acosta"", ""Career - Tien"", ""Surface"", ""Diaz Acosta Facundo"", ""Tien Learner"", ""Indoors"", ""-"", ""0/1"", ""Clay"", ""25/8"", ""8/3"", ""Grass"", ""-"", ""-"", ""Hard"", ""1/2"", ""11/6"", ""Not set"", ""-"", ""-"", ""Year"", ""Summary"", ""Clay"", ""Hard"", ""Indoors"", ""Grass"", ""Not set"", ""Summary:"", ""264/165"", ""233/127"", ""31/31"", ""0/3"", ""0/4"", ""-"", ""2026"", ""26/10"", ""25/8"", ""1/2"", ""-"", ""-"", ""-"", ""2025"", ""24/21"", ""18/15"", ""6/5"", ""-"", ""0/1"", ""-"", ""2024"", ""20/22"", ""17/10"", ""3/8"", ""0/3"", ""0/1"", ""-"", ""2023"", ""55/25"", ""51/20"", ""4/4"", ""-"", ""0/1"", ""-"", ""2022"", ""31/21"", ""31/19"", ""0/1""]",Diaz Acosta - Tien
1,1,1.49,2.6,ok,3216865,https://www.tennisexplorer.com/match-detail/?id=3216865,Tabilo,Vacherot,Tabilo Alejandro,Vacherot Valentin,,3.23,1.07,,7.03,1.3,1.91,1.24,1.81,3.67,fallback_parser_order,"[""Tennis Explorer - Match detail"", ""New registration"", ""|"", ""Lost password"", ""TennisExplorer"", ""LIVE Scores"", ""27.05. 02:17,"", ""GMT+1"", ""Home page"", ""Today's matches"", ""Rankings"", ""Players"", ""LIVE Scores"", ""Results"", ""Tours calendar"", ""Tennis news"", ""Official webs"", ""Basel"", ""Vienna"", ""WTA Elite Trophy"", ""TennisExplorer"", ""on Facebook"", ""Tabilo - Vacherot"", ""28.05.2026"", "", 11:00,"", ""French Open"", "", 2. round, clay"", ""Tabilo Alejandro"", ""Vacherot Valentin"", ""36."", ""Singles ranking"", ""19."", ""2. 6. 1997"", ""Birthdate"", ""16. 11. 1998"", ""188 cm"", ""Height"", ""193 cm"", ""75 kg"", ""Weight"", ""-"", ""left"", ""Plays"", ""right"", ""-"", ""Turned pro"", ""-"", ""Live streams"", ""TV"", ""bwin"", "","", ""1xBet"", ""HBO Max (Cze/Svk)"", ""W/L - 2026"", ""Career - Tabilo"", ""Career - Vacherot"", ""Surface"", ""Tabilo Alejandro"", ""Vacherot Valentin"", ""Indoors"", ""-"", ""-"", ""Clay"", ""22/9"", ""5/2"", ""Grass"", ""-"", ""-"", ""Hard"", ""6/5"", ""9/7"", ""Not set"", ""-"", ""-"", ""Year"", ""Summary"", ""Clay"", ""Hard"", ""Indoors"", ""Grass"", ""Not set"", ""Summary:"", ""455/292"", ""272/161"", ""128/87"", ""37/28"", ""12/10"", ""6/6"", ""2026"", ""29/14"", ""22/9"", ""6/5"", ""-"", ""-"", ""1/0"", ""2025"", ""27/23"", ""6/7"", ""20/13"", ""1/3"", ""-"", ""-"", ""2024"", ""38/27"", ""15/10"", ""11/8"", ""3/4"", ""7/2"", ""2/3"", ""2023"", ""53/27"", ""40/20"", ""13/5"", ""-"", ""0/1"", ""0/1"", ""2022"", ""33/22"", ""21/10"", ""7/6""]",Tabilo - Vacherot
,,1.29,3.59,ok,3216863,https://www.tennisexplorer.com/match-detail/?id=3216863,Vallejo,Kouame,Vallejo Adolfo Daniel,Kouame Moise,,2.36,1.03,,10.39,1.51,1.53,1.14,2.36,5.11,fallback_parser_order,"[""Tennis Explorer - Match detail"", ""New registration"", ""|"", ""Lost password"", ""TennisExplorer"", ""LIVE Scores"", ""27.05. 02:17,"", ""GMT+1"", ""Home page"", ""Today's matches"", ""Rankings"", ""Players"", ""LIVE Scores"", ""Results"", ""Tours calendar"", ""Tennis news"", ""Official webs"", ""Basel"", ""Vienna"", ""WTA Elite Trophy"", ""TennisExplorer"", ""on Facebook"", ""Vallejo - Kouame"", ""28.05.2026"", "", 11:00,"", ""French Open"", "", 2. round, clay"", ""Vallejo Adolfo Daniel"", ""Kouame Moise"", ""71."", ""Singles ranking"", ""318."", ""28. 4. 2004"", ""Birthdate"", ""6. 3. 2009"", ""-"", ""Height"", ""-"", ""-"", ""Weight"", ""-"", ""right"", ""Plays"", ""right"", ""-"", ""Turned pro"", ""-"", ""Live streams"", ""TV"", ""bwin"", "","", ""1xBet"", ""HBO Max (Cze/Svk)"", ""W/L - 2026"", ""Career - Vallejo"", ""Career - Kouame"", ""Surface"", ""Vallejo Adolfo Daniel"", ""Kouame Moise"", ""Indoors"", ""-"", ""17/5"", ""Clay"", ""30/9"", ""6/4"", ""Grass"", ""-"", ""-"", ""Hard"", ""2/1"", ""1/1"", ""Not set"", ""-"", ""-"", ""Year"", ""Summary"", ""Clay"", ""Hard"", ""Indoors"", ""Grass"", ""Not set"", ""Summary:"", ""192/116"", ""137/84"", ""33/25"", ""1/2"", ""-"", ""21/5"", ""2026"", ""34/10"", ""30/9"", ""2/1"", ""-"", ""-"", ""2/0"", ""2025"", ""52/29"", ""50/25"", ""1/4"", ""-"", ""-"", ""1/0"", ""2024"", ""37/29"", ""26/23"", ""7/4"", ""-"", ""-"", ""4/2"", ""2023"", ""39/26"", ""26/18"", ""6/8"", ""-"", ""-"", ""7/0"", ""2022"", ""27/17"", ""4/6"", ""17/8""]",Vallejo - Kouame
0,1,2.64,1.49,ok,3216861,https://www.tennisexplorer.com/match-detail/?id=3216861,Arnaldi,Tsitsipas,Arnaldi Matteo,Tsitsipas Stefanos,,6.99,1.31,,3.19,1.06,3.83,1.83,1.24,1.87,fallback_parser_order,"[""Tennis Explorer - Match detail"", ""New registration"", ""|"", ""Lost password"", ""TennisExplorer"", ""LIVE Scores"", ""27.05. 02:17,"", ""GMT+1"", ""Home page"", ""Today's matches"", ""Rankings"", ""Players"", ""LIVE Scores"", ""Results"", ""Tours calendar"", ""Tennis news"", ""Official webs"", ""Basel"", ""Vienna"", ""WTA Elite Trophy"", ""TennisExplorer"", ""on Facebook"", ""Arnaldi - Tsitsipas"", ""28.05.2026"", "", 11:00,"", ""French Open"", "", 2. round, clay"", ""Arnaldi Matteo"", ""Tsitsipas Stefanos"", ""104."", ""Singles ranking"", ""79."", ""22. 2. 2001"", ""Birthdate"", ""12. 8. 1998"", ""-"", ""Height"", ""193 cm"", ""-"", ""Weight"", ""89 kg"", ""right"", ""Plays"", ""right"", ""-"", ""Turned pro"", ""-"", ""Live streams"", ""TV"", ""bwin"", "","", ""1xBet"", ""HBO Max (Cze/Svk)"", ""W/L - 2026"", ""Career - Arnaldi"", ""Career - Tsitsipas"", ""Surface"", ""Arnaldi Matteo"", ""Tsitsipas Stefanos"", ""Indoors"", ""-"", ""1/1"", ""Clay"", ""9/6"", ""5/5"", ""Grass"", ""-"", ""-"", ""Hard"", ""1/4"", ""9/7"", ""Not set"", ""-"", ""-"", ""Year"", ""Summary"", ""Clay"", ""Hard"", ""Indoors"", ""Grass"", ""Not set"", ""Summary:"", ""254/173"", ""146/80"", ""86/59"", ""14/27"", ""4/6"", ""4/1"", ""2026"", ""10/9"", ""9/6"", ""1/3"", ""-"", ""-"", ""-"", ""2025"", ""23/26"", ""7/6"", ""11/14"", ""5/4"", ""0/2"", ""-"", ""2024"", ""29/26"", ""10/9"", ""17/13"", ""0/2"", ""1/2"", ""1/0"", ""2023"", ""51/26"", ""23/7"", ""21/15"", ""1/2"", ""3/1"", ""3/1"", ""2022"", ""50/36"", ""37/21"", ""9/3""]",Arnaldi - Tsitsipas
2,1,1.9,1.88,ok,3216859,https://www.tennisexplorer.com/match-detail/?id=3216859,Svajda,Walton,Svajda Zachary,Walton Adam,,4.89,1.17,,4.76,1.16,2.57,1.46,1.46,2.56,fallback_parser_order,"[""Tennis Explorer - Match detail"", ""New registration"", ""|"", ""Lost password"", ""TennisExplorer"", ""LIVE Scores"", ""27.05. 02:17,"", ""GMT+1"", ""Home page"", ""Today's matches"", ""Rankings"", ""Players"", ""LIVE Scores"", ""Results"", ""Tours calendar"", ""Tennis news"", ""Official webs"", ""Basel"", ""Vienna"", ""WTA Elite Trophy"", ""TennisExplorer"", ""on Facebook"", ""Svajda - Walton"", ""28.05.2026"", "", 11:00,"", ""French Open"", "", 2. round, clay"", ""Svajda Zachary"", ""Walton Adam"", ""85."", ""Singles ranking"", ""97."", ""-"", ""Birthdate"", ""17. 4. 1999"", ""175 cm"", ""Height"", ""185 cm"", ""59 kg"", ""Weight"", ""76 kg"", ""right"", ""Plays"", ""right"", ""-"", ""Turned pro"", ""-"", ""Live streams"", ""TV"", ""bwin"", "","", ""1xBet"", ""HBO Max (Cze/Svk)"", ""W/L - 2026"", ""Career - Svajda"", ""Career - Walton"", ""Surface"", ""Svajda Zachary"", ""Walton Adam"", ""Indoors"", ""2/1"", ""0/1"", ""Clay"", ""2/5"", ""2/2"", ""Grass"", ""-"", ""-"", ""Hard"", ""15/5"", ""18/14"", ""Not set"", ""-"", ""-"", ""Year"", ""Summary"", ""Clay"", ""Hard"", ""Indoors"", ""Grass"", ""Not set"", ""Summary:"", ""218/162"", ""17/27"", ""159/100"", ""16/23"", ""26/12"", ""-"", ""2026"", ""19/11"", ""2/5"", ""15/5"", ""2/1"", ""-"", ""-"", ""2025"", ""33/21"", ""1/2"", ""18/15"", ""0/1"", ""14/3"", ""-"", ""2024"", ""37/35"", ""2/4"", ""27/21"", ""2/5"", ""6/5"", ""-"", ""2023"", ""46/24"", ""2/6"", ""28/8"", ""10/6"", ""6/4"", ""-"", ""2022"", ""26/23"", ""0/3"", ""25/14""]",Svajda - Walton
1,1,1.09,7.48,ok,3216409,https://www.tennisexplorer.com/match-detail/?id=3216409,Cerundolo,Gaston,Cerundolo Francisco,Gaston Hugo,,1.72,,,20.79,2.01,1.21,1.03,4.01,10.91,fallback_parser_order,"[""Tennis Explorer - Match detail"", ""New registration"", ""|"", ""Lost password"", ""TennisExplorer"", ""LIVE Scores"", ""27.05. 02:17,"", ""GMT+1"", ""Home page"", ""Today's matches"", ""Rankings"", ""Players"", ""LIVE Scores"", ""Results"", ""Tours calendar"", ""Tennis news"", ""Official webs"", ""Basel"", ""Vienna"", ""WTA Elite Trophy"", ""TennisExplorer"", ""on Facebook"", ""Cerundolo - Gaston"", ""28.05.2026"", "", 11:00,"", ""French Open"", "", 2. round, clay"", ""Cerundolo Francisco"", ""Gaston Hugo"", ""26."", ""Singles ranking"", ""118."", ""13. 8. 1998"", ""Birthdate"", ""26. 9. 2000"", ""185 cm"", ""Height"", ""173 cm"", ""78 kg"", ""Weight"", ""68 kg"", ""right"", ""Plays"", ""left"", ""-"", ""Turned pro"", ""-"", ""Live streams"", ""TV"", ""1xBet"", "","", ""bwin"", ""HBO Max (Cze/Svk)"", ""W/L - 2026"", ""Career - Cerundolo"", ""Career - Gaston"", ""Surface"", ""Cerundolo Francisco"", ""Gaston Hugo"", ""Indoors"", ""-"", ""8/4"", ""Clay"", ""14/7"", ""5/8"", ""Grass"", ""-"", ""-"", ""Hard"", ""7/4"", ""2/3"", ""Not set"", ""-"", ""-"", ""Year"", ""Summary"", ""Clay"", ""Hard"", ""Indoors"", ""Grass"", ""Not set"", ""Summary:"", ""379/209"", ""293/131"", ""54/47"", ""16/15"", ""9/11"", ""7/5"", ""2026"", ""21/11"", ""14/7"", ""7/4"", ""-"", ""-"", ""-"", ""2025"", ""40/26"", ""21/11"", ""14/9"", ""4/3"", ""0/2"", ""1/1"", ""2024"", ""35/32"", ""20/12"", ""5/11"", ""6/4"", ""0/3"", ""4/2"", ""2023"", ""39/26"", ""18/12"", ""10/10"", ""3/2"", ""6/2"", ""2/0"", ""2022"", ""36/30"", ""25/12"", ""7/8""]",Cerundolo - Gaston
1,0,1.32,3.37,ok,3216343,https://www.tennisexplorer.com/match-detail/?id=3216343,Cobolli,Wu,Cobolli Flavio,Wu Yibing,,2.67,1.04,,10.06,1.44,1.62,1.16,2.19,4.83,fallback_parser_order,"[""Tennis Explorer - Match detail"", ""New registration"", ""|"", ""Lost password"", ""TennisExplorer"", ""LIVE Scores"", ""27.05. 02:17,"", ""GMT+1"", ""Home page"", ""Today's matches"", ""Rankings"", ""Players"", ""LIVE Scores"", ""Results"", ""Tours calendar"", ""Tennis news"", ""Official webs"", ""Basel"", ""Vienna"", ""WTA Elite Trophy"", ""TennisExplorer"", ""on Facebook"", ""Cobolli - Wu"", ""28.05.2026"", "", 11:00,"", ""French Open"", "", 2. round, clay"", ""Cobolli Flavio"", ""Wu Yibing"", ""14."", ""Singles ranking"", ""92."", ""6. 5. 2002"", ""Birthdate"", ""14. 10. 1999"", ""-"", ""Height"", ""183 cm"", ""71 kg"", ""Weight"", ""80 kg"", ""right"", ""Plays"", ""right"", ""-"", ""Turned pro"", ""-"", ""Live streams"", ""TV"", ""1xBet"", "","", ""bwin"", ""HBO Max (Cze/Svk)"", ""W/L - 2026"", ""Career - Cobolli"", ""Career - Wu"", ""Surface"", ""Cobolli Flavio"", ""Wu Yibing"", ""Indoors"", ""0/2"", ""-"", ""Clay"", ""10/5"", ""9/3"", ""Grass"", ""-"", ""-"", ""Hard"", ""10/5"", ""10/6"", ""Not set"", ""-"", ""-"", ""Year"", ""Summary"", ""Clay"", ""Hard"", ""Indoors"", ""Grass"", ""Not set"", ""Summary:"", ""267/196"", ""158/100"", ""70/48"", ""26/38"", ""9/9"", ""4/1"", ""2026"", ""20/12"", ""10/5"", ""10/5"", ""0/2"", ""-"", ""-"", ""2025"", ""39/31"", ""15/6"", ""9/13"", ""6/9"", ""6/3"", ""3/0"", ""2024"", ""44/29"", ""11/9"", ""26/13"", ""3/2"", ""3/4"", ""1/1"", ""2023"", ""57/36"", ""44/23"", ""10/6"", ""3/6"", ""0/1"", ""-"", ""2022"", ""37/35"", ""26/22"", ""6/4""]",Cobolli - Wu
,,2.39,1.57,ok,3216341,https://www.tennisexplorer.com/match-detail/?id=3216341,Collignon,Shelton,Collignon Raphael,Shelton Ben,,6.32,1.25,,3.62,1.08,3.37,1.69,1.29,2.08,fallback_parser_order,"[""Tennis Explorer - Match detail"", ""New registration"", ""|"", ""Lost password"", ""TennisExplorer"", ""LIVE Scores"", ""27.05. 02:17,"", ""GMT+1"", ""Home page"", ""Today's matches"", ""Rankings"", ""Players"", ""LIVE Scores"", ""Results"", ""Tours calendar"", ""Tennis news"", ""Official webs"", ""Basel"", ""Vienna"", ""WTA Elite Trophy"", ""TennisExplorer"", ""on Facebook"", ""Collignon - Shelton"", ""28.05.2026"", "", 11:00,"", ""French Open"", "", 2. round, clay"", ""Collignon Raphael"", ""Shelton Ben"", ""62."", ""Singles ranking"", ""5."", ""13. 1. 2002"", ""Birthdate"", ""9. 10. 2002"", ""-"", ""Height"", ""-"", ""-"", ""Weight"", ""-"", ""right"", ""Plays"", ""left"", ""-"", ""Turned pro"", ""-"", ""Live streams"", ""TV"", ""1xBet"", "","", ""bwin"", ""HBO Max (Cze/Svk)"", ""W/L - 2026"", ""Career - Collignon"", ""Career - Shelton"", ""Surface"", ""Collignon Raphael"", ""Shelton Ben"", ""Indoors"", ""5/0"", ""5/0"", ""Clay"", ""11/2"", ""8/4"", ""Grass"", ""-"", ""-"", ""Hard"", ""8/6"", ""6/4"", ""Not set"", ""-"", ""-"", ""Year"", ""Summary"", ""Clay"", ""Hard"", ""Indoors"", ""Grass"", ""Not set"", ""Summary:"", ""253/120"", ""135/48"", ""46/33"", ""66/34"", ""1/2"", ""5/3"", ""2026"", ""26/8"", ""11/2"", ""8/6"", ""5/0"", ""-"", ""2/0"", ""2025"", ""46/24"", ""19/10"", ""2/4"", ""22/8"", ""0/1"", ""3/1"", ""2024"", ""77/23"", ""50/8"", ""5/3"", ""22/10"", ""-"", ""0/2"", ""2023"", ""15/17"", ""6/6"", ""-"", ""8/10"", ""1/1"", ""-"", ""2022"", ""61/22"", ""38/12"", ""14/4""]",Collignon - Shelton
3,4,1.67,2.19,ok,3215561,https://www.tennisexplorer.com/match-detail/?id=3215561,Hurkacz,Tiafoe,Hurkacz Hubert,Tiafoe Frances,,4.05,1.11,,5.98,1.2,2.24,1.34,1.59,3.04,fallback_parser_order,"[""Tennis Explorer - Match detail"", ""New registration"", ""|"", ""Lost password"", ""TennisExplorer"", ""LIVE Scores"", ""27.05. 02:17,"", ""GMT+1"", ""Home page"", ""Today's matches"", ""Rankings"", ""Players"", ""LIVE Scores"", ""Results"", ""Tours calendar"", ""Tennis news"", ""Official webs"", ""Basel"", ""Vienna"", ""WTA Elite Trophy"", ""TennisExplorer"", ""on Facebook"", ""Hurkacz - Tiafoe"", ""28.05.2026"", "", 11:00,"", ""French Open"", "", 2. round, clay"", ""Hurkacz Hubert"", ""Tiafoe Frances"", ""99."", ""Singles ranking"", ""22."", ""11. 2. 1997"", ""Birthdate"", ""20. 1. 1998"", ""196 cm"", ""Height"", ""188 cm"", ""81 kg"", ""Weight"", ""86 kg"", ""right"", ""Plays"", ""right"", ""-"", ""Turned pro"", ""-"", ""Live streams"", ""TV"", ""1xBet"", "","", ""bwin"", ""HBO Max (Cze/Svk)"", ""W/L - 2026"", ""Career - Hurkacz"", ""Career - Tiafoe"", ""Surface"", ""Hurkacz Hubert"", ""Tiafoe Frances"", ""Indoors"", ""0/2"", ""1/1"", ""Clay"", ""8/4"", ""5/3"", ""Grass"", ""-"", ""-"", ""Hard"", ""5/6"", ""14/7"", ""Not set"", ""-"", ""-"", ""Year"", ""Summary"", ""Clay"", ""Hard"", ""Indoors"", ""Grass"", ""Not set"", ""Summary:"", ""434/261"", ""122/71"", ""197/102"", ""76/63"", ""30/16"", ""9/9"", ""2026"", ""13/12"", ""8/4"", ""5/6"", ""0/2"", ""-"", ""-"", ""2025"", ""15/11"", ""7/4"", ""4/5"", ""3/2"", ""1/0"", ""-"", ""2024"", ""41/19"", ""14/4"", ""17/10"", ""3/3"", ""6/2"", ""1/0"", ""2023"", ""48/24"", ""5/5"", ""22/11"", ""13/5"", ""7/3"", ""1/0"", ""2022"", ""42/22"", ""9/4"", ""18/9""]",Hurkacz - Tiafoe
,,2.84,1.42,ok,3215557,https://www.tennisexplorer.com/match-detail/?id=3215557,Van Assche,Nakashima,Van Assche Luca,Nakashima Brandon,,8.14,1.34,,3.06,1.06,3.99,1.91,1.21,1.81,fallback_parser_order,"[""Tennis Explorer - Match detail"", ""New registration"", ""|"", ""Lost password"", ""TennisExplorer"", ""LIVE Scores"", ""27.05. 02:17,"", ""GMT+1"", ""Home page"", ""Today's matches"", ""Rankings"", ""Players"", ""LIVE Scores"", ""Results"", ""Tours calendar"", ""Tennis news"", ""Official webs"", ""Basel"", ""Vienna"", ""WTA Elite Trophy"", ""TennisExplorer"", ""on Facebook"", ""Van Assche - Nakashima"", ""28.05.2026"", "", 11:00,"", ""French Open"", "", 2. round, clay"", ""Van Assche Luca"", ""Nakashima Brandon"", ""100."", ""Singles ranking"", ""35."", ""11. 5. 2004"", ""Birthdate"", ""3. 8. 2001"", ""-"", ""Height"", ""185 cm"", ""-"", ""Weight"", ""77 kg"", ""right"", ""Plays"", ""right"", ""-"", ""Turned pro"", ""-"", ""Live streams"", ""TV"", ""1xBet"", "","", ""bwin"", ""HBO Max (Cze/Svk)"", ""W/L - 2026"", ""Career - Van Assche"", ""Career - Nakashima"", ""Surface"", ""Van Assche Luca"", ""Nakashima Brandon"", ""Indoors"", ""12/1"", ""1/1"", ""Clay"", ""6/7"", ""4/4"", ""Grass"", ""-"", ""-"", ""Hard"", ""6/5"", ""9/6"", ""Not set"", ""-"", ""-"", ""Year"", ""Summary"", ""Clay"", ""Hard"", ""Indoors"", ""Grass"", ""Not set"", ""Summary:"", ""218/166"", ""98/69"", ""32/34"", ""80/57"", ""7/6"", ""1/0"", ""2026"", ""24/13"", ""6/7"", ""6/5"", ""12/1"", ""-"", ""-"", ""2025"", ""35/26"", ""15/12"", ""7/4"", ""12/9"", ""1/1"", ""-"", ""2024"", ""36/38"", ""8/10"", ""15/15"", ""10/11"", ""2/2"", ""1/0"", ""2023"", ""35/31"", ""15/11"", ""1/7"", ""15/10"", ""4/3"", ""-"", ""2022"", ""55/31"", ""40/20"", ""0/1""]",Van Assche - Nakashima
1,0,1.97,1.82,ok,3215483,https://www.tennisexplorer.com/match-detail/?id=3215483,Rinderknech,Berrettini,Rinderknech Arthur,Berrettini Matteo,,5.34,1.17,,4.65,1.13,2.71,1.49,1.42,2.46,fallback_parser_order,"[""Tennis Explorer - Match detail"", ""New registration"", ""|"", ""Lost password"", ""TennisExplorer"", ""LIVE Scores"", ""27.05. 02:17,"", ""GMT+1"", ""Home page"", ""Today's matches"", ""Rankings"", ""Players"", ""LIVE Scores"", ""Results"", ""Tours calendar"", ""Tennis news"", ""Official webs"", ""Basel"", ""Vienna"", ""WTA Elite Trophy"", ""TennisExplorer"", ""on Facebook"", ""Rinderknech - Berrettini"", ""28.05.2026"", "", 11:00,"", ""French Open"", "", 2. round, clay"", ""Rinderknech Arthur"", ""Berrettini Matteo"", ""25."", ""Singles ranking"", ""105."", ""23. 7. 1995"", ""Birthdate"", ""12. 4. 1996"", ""196 cm"", ""Height"", ""196 cm"", ""86 kg"", ""Weight"", ""95 kg"", ""right"", ""Plays"", ""right"", ""-"", ""Turned pro"", ""-"", ""Live streams"", ""TV"", ""1xBet"", "","", ""bwin"", ""HBO Max (Cze/Svk)"", ""W/L - 2026"", ""Career - Rinderknech"", ""Career - Berrettini"", ""Surface"", ""Rinderknech Arthur"", ""Berrettini Matteo"", ""Indoors"", ""0/1"", ""-"", ""Clay"", ""6/5"", ""9/9"", ""Grass"", ""-"", ""-"", ""Hard"", ""4/6"", ""4/3"", ""Not set"", ""-"", ""-"", ""Year"", ""Summary"", ""Clay"", ""Hard"", ""Indoors"", ""Grass"", ""Not set"", ""Summary:"", ""364/262"", ""120/89"", ""117/82"", ""101/67"", ""22/21"", ""4/3"", ""2026"", ""11/12"", ""6/5"", ""3/6"", ""0/1"", ""-"", ""2/0"", ""2025"", ""32/35"", ""8/10"", ""14/15"", ""2/4"", ""7/5"", ""1/1"", ""2024"", ""38/34"", ""6/7"", ""16/13"", ""12/8"", ""4/5"", ""0/1"", ""2023"", ""30/31"", ""11/7"", ""5/9"", ""10/9"", ""4/6"", ""-"", ""2022"", ""38/24"", ""7/5"", ""18/11""]",Rinderknech - Berrettini
